Workbook
Name G1_Data: OFFSET(INDEX(data!$E:$E,MATCH(report!$B$5,data!$E:$E,0)),-1,(report!$H$5-5)-(report!$B$7-1),1,report!$B$7)
Name G1_Lie: OFFSET(INDEX(data!$E:$E,MATCH(report!$B$5,data!$E:$E,0)),-3,(report!$H$5-5)-(report!$B$7-1),1,report!$B$7)
Name G1_Lse: OFFSET(INDEX(data!$E:$E,MATCH(report!$B$5,data!$E:$E,0)),-2,(report!$H$5-5)-(report!$B$7-1),1,report!$B$7)
Name G1_Nominal: OFFSET(INDEX(data!$E:$E,MATCH(report!$B$5,data!$E:$E,0)),-4,(report!$H$5-5)-(report!$B$7-1),1,report!$B$7)
Name G1_XValues: OFFSET(INDEX(data!$E:$E,MATCH(report!$B$5,data!$E:$E,0)),-6,(report!$H$5-5)-(report!$B$7-1),2,report!$B$7)
Name G10_Data: OFFSET(INDEX(data!$E:$E,MATCH(report!$B$50,data!$E:$E,0)),-1,(report!$H$50-5)-(report!$B$52-1),1,report!$B$52)
Name G10_Lie: OFFSET(INDEX(data!$E:$E,MATCH(report!$B$50,data!$E:$E,0)),-3,(report!$H$50-5)-(report!$B$52-1),1,report!$B$52)
Name G10_Lse: OFFSET(INDEX(data!$E:$E,MATCH(report!$B$50,data!$E:$E,0)),-2,(report!$H$50-5)-(report!$B$52-1),1,report!$B$52)
Name G10_Nominal: OFFSET(INDEX(data!$E:$E,MATCH(report!$B$50,data!$E:$E,0)),-4,(report!$H$50-5)-(report!$B$52-1),1,report!$B$52)
Name G10_XValues: OFFSET(INDEX(data!$E:$E,MATCH(report!$B$50,data!$E:$E,0)),-6,(report!$H$50-5)-(report!$B$52-1),2,report!$B$52)
Name G11_Data: OFFSET(INDEX(data!$E:$E,MATCH(report!$B$55,data!$E:$E,0)),-1,(report!$H$55-5)-(report!$B$57-1),1,report!$B$57)
Name G11_Lie: OFFSET(INDEX(data!$E:$E,MATCH(report!$B$55,data!$E:$E,0)),-3,(report!$H$55-5)-(report!$B$57-1),1,report!$B$57)
Name G11_Lse: OFFSET(INDEX(data!$E:$E,MATCH(report!$B$55,data!$E:$E,0)),-2,(report!$H$55-5)-(report!$B$57-1),1,report!$B$57)
Name G11_Nominal: OFFSET(INDEX(data!$E:$E,MATCH(report!$B$55,data!$E:$E,0)),-4,(report!$H$55-5)-(report!$B$57-1),1,report!$B$57)
Name G11_XValues: OFFSET(INDEX(data!$E:$E,MATCH(report!$B$55,data!$E:$E,0)),-6,(report!$H$55-5)-(report!$B$57-1),2,report!$B$57)
Name G12_Data: OFFSET(INDEX(data!$E:$E,MATCH(report!$B$60,data!$E:$E,0)),-1,(report!$H$60-5)-(report!$B$62-1),1,report!$B$62)
Name G12_Lie: OFFSET(INDEX(data!$E:$E,MATCH(report!$B$60,data!$E:$E,0)),-3,(report!$H$60-5)-(report!$B$62-1),1,report!$B$62)
Name G12_Lse: OFFSET(INDEX(data!$E:$E,MATCH(report!$B$60,data!$E:$E,0)),-2,(report!$H$60-5)-(report!$B$62-1),1,report!$B$62)
Name G12_Nominal: OFFSET(INDEX(data!$E:$E,MATCH(report!$B$60,data!$E:$E,0)),-4,(report!$H$60-5)-(report!$B$62-1),1,report!$B$62)
Name G12_XValues: OFFSET(INDEX(data!$E:$E,MATCH(report!$B$60,data!$E:$E,0)),-6,(report!$H$60-5)-(report!$B$62-1),2,report!$B$62)
Name G13_Data: OFFSET(INDEX(data!$E:$E,MATCH(report!$B$65,data!$E:$E,0)),-1,(report!$H$65-5)-(report!$B$67-1),1,report!$B$67)
Name G13_Lie: OFFSET(INDEX(data!$E:$E,MATCH(report!$B$65,data!$E:$E,0)),-3,(report!$H$65-5)-(report!$B$67-1),1,report!$B$67)
Name G13_Lse: OFFSET(INDEX(data!$E:$E,MATCH(report!$B$65,data!$E:$E,0)),-2,(report!$H$65-5)-(report!$B$67-1),1,report!$B$67)
Name G13_Nominal: OFFSET(INDEX(data!$E:$E,MATCH(report!$B$65,data!$E:$E,0)),-4,(report!$H$65-5)-(report!$B$67-1),1,report!$B$67)
Name G13_XValues: OFFSET(INDEX(data!$E:$E,MATCH(report!$B$65,data!$E:$E,0)),-6,(report!$H$65-5)-(report!$B$67-1),2,report!$B$67)
Name G14_Data: OFFSET(INDEX(data!$E:$E,MATCH(report!$B$70,data!$E:$E,0)),-1,(report!$H$70-5)-(report!$B$72-1),1,report!$B$72)
Name G14_Lie: OFFSET(INDEX(data!$E:$E,MATCH(report!$B$70,data!$E:$E,0)),-3,(report!$H$70-5)-(report!$B$72-1),1,report!$B$72)
Name G14_Lse: OFFSET(INDEX(data!$E:$E,MATCH(report!$B$70,data!$E:$E,0)),-2,(report!$H$70-5)-(report!$B$72-1),1,report!$B$72)
Name G14_Nominal: OFFSET(INDEX(data!$E:$E,MATCH(report!$B$70,data!$E:$E,0)),-4,(report!$H$70-5)-(report!$B$72-1),1,report!$B$72)
Name G14_XValues: OFFSET(INDEX(data!$E:$E,MATCH(report!$B$70,data!$E:$E,0)),-6,(report!$H$70-5)-(report!$B$72-1),2,report!$B$72)
Name G15_Data: OFFSET(INDEX(data!$E:$E,MATCH(report!$B$75,data!$E:$E,0)),-1,(report!$H$75-5)-(report!$B$77-1),1,report!$B$77)
Name G15_Lie: OFFSET(INDEX(data!$E:$E,MATCH(report!$B$75,data!$E:$E,0)),-3,(report!$H$75-5)-(report!$B$77-1),1,report!$B$77)
Name G15_Lse: OFFSET(INDEX(data!$E:$E,MATCH(report!$B$75,data!$E:$E,0)),-2,(report!$H$75-5)-(report!$B$77-1),1,report!$B$77)
Name G15_Nominal: OFFSET(INDEX(data!$E:$E,MATCH(report!$B$75,data!$E:$E,0)),-4,(report!$H$75-5)-(report!$B$77-1),1,report!$B$77)
Name G15_XValues: OFFSET(INDEX(data!$E:$E,MATCH(report!$B$75,data!$E:$E,0)),-6,(report!$H$75-5)-(report!$B$77-1),2,report!$B$77)
Name G16_Data: OFFSET(INDEX(data!$E:$E,MATCH(report!$B$80,data!$E:$E,0)),-1,(report!$H$80-5)-(report!$B$82-1),1,report!$B$82)
Name G16_Lie: OFFSET(INDEX(data!$E:$E,MATCH(report!$B$80,data!$E:$E,0)),-3,(report!$H$80-5)-(report!$B$82-1),1,report!$B$82)
Name G16_Lse: OFFSET(INDEX(data!$E:$E,MATCH(report!$B$80,data!$E:$E,0)),-2,(report!$H$80-5)-(report!$B$82-1),1,report!$B$82)
Name G16_Nominal: OFFSET(INDEX(data!$E:$E,MATCH(report!$B$80,data!$E:$E,0)),-4,(report!$H$80-5)-(report!$B$82-1),1,report!$B$82)
Name G16_XValues: OFFSET(INDEX(data!$E:$E,MATCH(report!$B$80,data!$E:$E,0)),-6,(report!$H$80-5)-(report!$B$82-1),2,report!$B$82)
Name G17_Data: OFFSET(INDEX(data!$E:$E,MATCH(report!$B$85,data!$E:$E,0)),-1,(report!$H$85-5)-(report!$B$87-1),1,report!$B$87)
Name G17_Lie: OFFSET(INDEX(data!$E:$E,MATCH(report!$B$85,data!$E:$E,0)),-3,(report!$H$85-5)-(report!$B$87-1),1,report!$B$87)
Name G17_Lse: OFFSET(INDEX(data!$E:$E,MATCH(report!$B$85,data!$E:$E,0)),-2,(report!$H$85-5)-(report!$B$87-1),1,report!$B$87)
Name G17_Nominal: OFFSET(INDEX(data!$E:$E,MATCH(report!$B$85,data!$E:$E,0)),-4,(report!$H$85-5)-(report!$B$87-1),1,report!$B$87)
Name G17_XValues: OFFSET(INDEX(data!$E:$E,MATCH(report!$B$85,data!$E:$E,0)),-6,(report!$H$85-5)-(report!$B$87-1),2,report!$B$87)
Name G18_Data: OFFSET(INDEX(data!$E:$E,MATCH(report!$B$90,data!$E:$E,0)),-1,(report!$H$90-5)-(report!$B$92-1),1,report!$B$92)
Name G18_Lie: OFFSET(INDEX(data!$E:$E,MATCH(report!$B$90,data!$E:$E,0)),-3,(report!$H$90-5)-(report!$B$92-1),1,report!$B$92)
Name G18_Lse: OFFSET(INDEX(data!$E:$E,MATCH(report!$B$90,data!$E:$E,0)),-2,(report!$H$90-5)-(report!$B$92-1),1,report!$B$92)
Name G18_Nominal: OFFSET(INDEX(data!$E:$E,MATCH(report!$B$90,data!$E:$E,0)),-4,(report!$H$90-5)-(report!$B$92-1),1,report!$B$92)
Name G18_XValues: OFFSET(INDEX(data!$E:$E,MATCH(report!$B$90,data!$E:$E,0)),-6,(report!$H$90-5)-(report!$B$92-1),2,report!$B$92)
Name G19_Data: OFFSET(INDEX(data!$E:$E,MATCH(report!$B$95,data!$E:$E,0)),-1,(report!$H$95-5)-(report!$B$97-1),1,report!$B$97)
Name G19_Lie: OFFSET(INDEX(data!$E:$E,MATCH(report!$B$95,data!$E:$E,0)),-3,(report!$H$95-5)-(report!$B$97-1),1,report!$B$97)
Name G19_Lse: OFFSET(INDEX(data!$E:$E,MATCH(report!$B$95,data!$E:$E,0)),-2,(report!$H$95-5)-(report!$B$97-1),1,report!$B$97)
Name G19_Nominal: OFFSET(INDEX(data!$E:$E,MATCH(report!$B$95,data!$E:$E,0)),-4,(report!$H$95-5)-(report!$B$97-1),1,report!$B$97)
Name G19_XValues: OFFSET(INDEX(data!$E:$E,MATCH(report!$B$95,data!$E:$E,0)),-6,(report!$H$95-5)-(report!$B$97-1),2,report!$B$97)
Name G2_Data: OFFSET(INDEX(data!$E:$E,MATCH(report!$B$10,data!$E:$E,0)),-1,(report!$H$10-5)-(report!$B$12-1),1,report!$B$12)
Name G2_Lie: OFFSET(INDEX(data!$E:$E,MATCH(report!$B$10,data!$E:$E,0)),-3,(report!$H$10-5)-(report!$B$12-1),1,report!$B$12)
Name G2_Lse: OFFSET(INDEX(data!$E:$E,MATCH(report!$B$10,data!$E:$E,0)),-2,(report!$H$10-5)-(report!$B$12-1),1,report!$B$12)
Name G2_Nominal: OFFSET(INDEX(data!$E:$E,MATCH(report!$B$10,data!$E:$E,0)),-4,(report!$H$10-5)-(report!$B$12-1),1,report!$B$12)
Name G2_XValues: OFFSET(INDEX(data!$E:$E,MATCH(report!$B$10,data!$E:$E,0)),-6,(report!$H$10-5)-(report!$B$12-1),2,report!$B$12)

Sheet report
A1: =data!B8 -> Part Model N - Cep Report
A3: Date: | B3: =data!A1 -> 15/06/2026 | D3: Time: | E3: =data!B1 -> 0.50347222 | H3: ="Nº of Features: "&(COUNTA(data!A:A)-1)/7 -> Nº of Features: 20
A4: Report image | J4: Group ID | K4: Group Description | L4: Feature Id | M4: Axis | N4: Deviation | O4: Cp | P4: Cpk
A5: Id: | B5: PART01_01L_X | C5: Description: | D5: =OFFSET(INDEX(data!E:E,MATCH(B5,data!E:E,0)),0,1) -> Upper Part Inboard LH Hole - Pos X | H5: =OFFSET(INDEX(data!E:E,MATCH(B5,data!E:E,0)),0,3) -> 62 | J5: =OFFSET(INDEX(data!E:E,MATCH(B5,data!E:E,0)),0,-2) -> PART01 | K5: =OFFSET(INDEX(data!E:E,MATCH(B5,data!E:E,0)),0,-1) -> Upper Sub-Assembly | L5: =B5 -> PART01_01L_X | M5: =B6 -> Pos X | N5: =F7 -> 0.76532258 | O5: =F8 -> 2.1561263 | P5: =F9 -> 1.6060823
A6: Axis: | B6: =OFFSET(INDEX(data!E:E,MATCH(B5,data!E:E,0)),0,2) -> Pos X | C6: Nominal: | D6: =OFFSET(INDEX(data!E:E,MATCH(B5,data!E:E,0)),-4,(H5-5)-(B7-1)) -> 226.2 | E6: Average: | F6: =AVERAGE(OFFSET(INDEX(data!E:E,MATCH(B5,data!E:E,0)),-1,(H5-5)-(B7-1),1,B7)) -> 226.96532 | J6: =J5 -> PART01 | K6: =K5 -> Upper Sub-Assembly | L6: =L5 -> PART01_01L_X | M6: =M5 -> Pos X | N6: =N5 -> 0.76532258 | O6: =O5 -> 2.1561263 | P6: =P5 -> 1.6060823
A7: N: | B7: =H5 -> 62 | C7: LIE: | D7: =OFFSET(INDEX(data!E:E,MATCH(B5,data!E:E,0)),-3,(H5-5)-(B7-1)) -> 223.2 | E7: Deviation: | F7: =F6-D6 -> 0.76532258 | J7: =J6 -> PART01 | K7: =K6 -> Upper Sub-Assembly | L7: =L6 -> PART01_01L_X | M7: =M6 -> Pos X | N7: =N6 -> 0.76532258 | O7: =O6 -> 2.1561263 | P7: =P6 -> 1.6060823
A8: From: | B8: =OFFSET(INDEX(data!E:E,MATCH(B5,data!E:E,0)),-6,(H5-5)-(B7-1)) -> 46169 | C8: LSE: | D8: =OFFSET(INDEX(data!E:E,MATCH(B5,data!E:E,0)),-2,(H5-5)-(B7-1)) -> 229.2 | E8: Cp: | F8: =(D8-D7)/(6*_xlfn.STDEV.P(OFFSET(INDEX(data!E:E,MATCH(B5,data!E:E,0)),-1,(H5-5)-(B7-1),1,B7))) -> 2.1561263 | J8: =J7 -> PART01 | K8: =K7 -> Upper Sub-Assembly | L8: =L7 -> PART01_01L_X | M8: =M7 -> Pos X | N8: =N7 -> 0.76532258 | O8: =O7 -> 2.1561263 | P8: =P7 -> 1.6060823
A9: To: | B9: =OFFSET(INDEX(data!E:E,MATCH(B5,data!E:E,0)),-6,H5-5) -> 46186 | C9: Last value: | D9: =OFFSET(INDEX(data!E:E,MATCH(B5,data!E:E,0)),-1,H5-5) -> 227 | E9: Cpk: | F9: =MIN((D8-F6)/(3*_xlfn.STDEV.P(OFFSET(INDEX(data!E:E,MATCH(B5,data!E:E,0)),-1,(H5-5)-(B7-1),1,B7))),(F6-D7)/(3*_xlfn.STDEV.P(OFFSET(INDEX(data!E:E,MATCH(B5,data!E:E,0)),-1,(H5-5)-(B7-1),1,B7)))) -> 1.6060823 | J9: =J8 -> PART01 | K9: =K8 -> Upper Sub-Assembly | L9: =L8 -> PART01_01L_X | M9: =M8 -> Pos X | N9: =N8 -> 0.76532258 | O9: =O8 -> 2.1561263 | P9: =P8 -> 1.6060823
A10: Id: | B10: PART01_01L_Y | C10: Description: | D10: =OFFSET(INDEX(data!E:E,MATCH(B10,data!E:E,0)),0,1) -> Upper Part Inboard LH Hole - Pos Y | H10: =OFFSET(INDEX(data!E:E,MATCH(B10,data!E:E,0)),0,3) -> 62 | J10: =OFFSET(INDEX(data!E:E,MATCH(B10,data!E:E,0)),0,-2) -> PART01 | K10: =OFFSET(INDEX(data!E:E,MATCH(B10,data!E:E,0)),0,-1) -> Upper Sub-Assembly | L10: =B10 -> PART01_01L_Y | M10: =B11 -> Pos Y | N10: =F12 -> -1.7030645 | O10: =F13 -> 1.6053393 | P10: =F14 -> 0.69400715
A11: Axis: | B11: =OFFSET(INDEX(data!E:E,MATCH(B10,data!E:E,0)),0,2) -> Pos Y | C11: Nominal: | D11: =OFFSET(INDEX(data!E:E,MATCH(B10,data!E:E,0)),-4,(H10-5)-(B12-1)) -> -326 | E11: Average: | F11: =AVERAGE(OFFSET(INDEX(data!E:E,MATCH(B10,data!E:E,0)),-1,(H10-5)-(B12-1),1,B12)) -> -327.70306 | J11: =J10 -> PART01 | K11: =K10 -> Upper Sub-Assembly | L11: =L10 -> PART01_01L_Y | M11: =M10 -> Pos Y | N11: =N10 -> -1.7030645 | O11: =O10 -> 1.6053393 | P11: =P10 -> 0.69400715
A12: N: | B12: =H10 -> 62 | C12: LIE: | D12: =OFFSET(INDEX(data!E:E,MATCH(B10,data!E:E,0)),-3,(H10-5)-(B12-1)) -> -329 | E12: Deviation: | F12: =F11-D11 -> -1.7030645 | J12: =J11 -> PART01 | K12: =K11 -> Upper Sub-Assembly | L12: =L11 -> PART01_01L_Y | M12: =M11 -> Pos Y | N12: =N11 -> -1.7030645 | O12: =O11 -> 1.6053393 | P12: =P11 -> 0.69400715
A13: From: | B13: =OFFSET(INDEX(data!E:E,MATCH(B10,data!E:E,0)),-6,(H10-5)-(B12-1)) -> 46169 | C13: LSE: | D13: =OFFSET(INDEX(data!E:E,MATCH(B10,data!E:E,0)),-2,(H10-5)-(B12-1)) -> -323 | E13: Cp: | F13: =(D13-D12)/(6*_xlfn.STDEV.P(OFFSET(INDEX(data!E:E,MATCH(B10,data!E:E,0)),-1,(H10-5)-(B12-1),1,B12))) -> 1.6053393 | J13: =J12 -> PART01 | K13: =K12 -> Upper Sub-Assembly | L13: =L12 -> PART01_01L_Y | M13: =M12 -> Pos Y | N13: =N12 -> -1.7030645 | O13: =O12 -> 1.6053393 | P13: =P12 -> 0.69400715
A14: To: | B14: =OFFSET(INDEX(data!E:E,MATCH(B10,data!E:E,0)),-6,H10-5) -> 46186 | C14: Last value: | D14: =OFFSET(INDEX(data!E:E,MATCH(B10,data!E:E,0)),-1,H10-5) -> -327.89 | E14: Cpk: | F14: =MIN((D13-F11)/(3*_xlfn.STDEV.P(OFFSET(INDEX(data!E:E,MATCH(B10,data!E:E,0)),-1,(H10-5)-(B12-1),1,B12))),(F11-D12)/(3*_xlfn.STDEV.P(OFFSET(INDEX(data!E:E,MATCH(B10,data!E:E,0)),-1,(H10-5)-(B12-1),1,B12)))) -> 0.69400715 | J14: =J13 -> PART01 | K14: =K13 -> Upper Sub-Assembly | L14: =L13 -> PART01_01L_Y | M14: =M13 -> Pos Y | N14: =N13 -> -1.7030645 | O14: =O13 -> 1.6053393 | P14: =P13 -> 0.69400715
A15: Id: | B15: PART01_01L_Z | C15: Description: | D15: =OFFSET(INDEX(data!E:E,MATCH(B15,data!E:E,0)),0,1) -> Upper Part Inboard LH Hole - Pos Z | H15: =OFFSET(INDEX(data!E:E,MATCH(B15,data!E:E,0)),0,3) -> 62 | J15: =OFFSET(INDEX(data!E:E,MATCH(B15,data!E:E,0)),0,-2) -> PART01 | K15: =OFFSET(INDEX(data!E:E,MATCH(B15,data!E:E,0)),0,-1) -> Upper Sub-Assembly | L15: =B15 -> PART01_01L_Z | M15: =B16 -> Pos Z | N15: =F17 -> -0.43935484 | O15: =F18 -> 2.8341792 | P15: =F19 -> 2.4191091
A16: Axis: | B16: =OFFSET(INDEX(data!E:E,MATCH(B15,data!E:E,0)),0,2) -> Pos Z | C16: Nominal: | D16: =OFFSET(INDEX(data!E:E,MATCH(B15,data!E:E,0)),-4,(H15-5)-(B17-1)) -> 990.2 | E16: Average: | F16: =AVERAGE(OFFSET(INDEX(data!E:E,MATCH(B15,data!E:E,0)),-1,(H15-5)-(B17-1),1,B17)) -> 989.76065 | J16: =J15 -> PART01 | K16: =K15 -> Upper Sub-Assembly | L16: =L15 -> PART01_01L_Z | M16: =M15 -> Pos Z | N16: =N15 -> -0.43935484 | O16: =O15 -> 2.8341792 | P16: =P15 -> 2.4191091
A17: N: | B17: =H15 -> 62 | C17: LIE: | D17: =OFFSET(INDEX(data!E:E,MATCH(B15,data!E:E,0)),-3,(H15-5)-(B17-1)) -> 987.2 | E17: Deviation: | F17: =F16-D16 -> -0.43935484 | J17: =J16 -> PART01 | K17: =K16 -> Upper Sub-Assembly | L17: =L16 -> PART01_01L_Z | M17: =M16 -> Pos Z | N17: =N16 -> -0.43935484 | O17: =O16 -> 2.8341792 | P17: =P16 -> 2.4191091
A18: From: | B18: =OFFSET(INDEX(data!E:E,MATCH(B15,data!E:E,0)),-6,(H15-5)-(B17-1)) -> 46169 | C18: LSE: | D18: =OFFSET(INDEX(data!E:E,MATCH(B15,data!E:E,0)),-2,(H15-5)-(B17-1)) -> 993.2 | E18: Cp: | F18: =(D18-D17)/(6*_xlfn.STDEV.P(OFFSET(INDEX(data!E:E,MATCH(B15,data!E:E,0)),-1,(H15-5)-(B17-1),1,B17))) -> 2.8341792 | J18: =J17 -> PART01 | K18: =K17 -> Upper Sub-Assembly | L18: =L17 -> PART01_01L_Z | M18: =M17 -> Pos Z | N18: =N17 -> -0.43935484 | O18: =O17 -> 2.8341792 | P18: =P17 -> 2.4191091
A19: To: | B19: =OFFSET(INDEX(data!E:E,MATCH(B15,data!E:E,0)),-6,H15-5) -> 46186 | C19: Last value: | D19: =OFFSET(INDEX(data!E:E,MATCH(B15,data!E:E,0)),-1,H15-5) -> 989.09 | E19: Cpk: | F19: =MIN((D18-F16)/(3*_xlfn.STDEV.P(OFFSET(INDEX(data!E:E,MATCH(B15,data!E:E,0)),-1,(H15-5)-(B17-1),1,B17))),(F16-D17)/(3*_xlfn.STDEV.P(OFFSET(INDEX(data!E:E,MATCH(B15,data!E:E,0)),-1,(H15-5)-(B17-1),1,B17)))) -> 2.4191091 | J19: =J18 -> PART01 | K19: =K18 -> Upper Sub-Assembly | L19: =L18 -> PART01_01L_Z | M19: =M18 -> Pos Z | N19: =N18 -> -0.43935484 | O19: =O18 -> 2.8341792 | P19: =P18 -> 2.4191091
A20: Id: | B20: PART01_01R_X | C20: Description: | D20: =OFFSET(INDEX(data!E:E,MATCH(B20,data!E:E,0)),0,1) -> Upper Part Inboard RH Hole - Pos X | H20: =OFFSET(INDEX(data!E:E,MATCH(B20,data!E:E,0)),0,3) -> 62 | J20: =OFFSET(INDEX(data!E:E,MATCH(B20,data!E:E,0)),0,-2) -> PART01 | K20: =OFFSET(INDEX(data!E:E,MATCH(B20,data!E:E,0)),0,-1) -> Upper Sub-Assembly | L20: =B20 -> PART01_01R_X | M20: =B21 -> Pos X | N20: =F22 -> 0.69774194 | O20: =F23 -> 1.7252764 | P20: =F24 -> 1.3240105
A21: Axis: | B21: =OFFSET(INDEX(data!E:E,MATCH(B20,data!E:E,0)),0,2) -> Pos X | C21: Nominal: | D21: =OFFSET(INDEX(data!E:E,MATCH(B20,data!E:E,0)),-4,(H20-5)-(B22-1)) -> 226.2 | E21: Average: | F21: =AVERAGE(OFFSET(INDEX(data!E:E,MATCH(B20,data!E:E,0)),-1,(H20-5)-(B22-1),1,B22)) -> 226.89774 | J21: =J20 -> PART01 | K21: =K20 -> Upper Sub-Assembly | L21: =L20 -> PART01_01R_X | M21: =M20 -> Pos X | N21: =N20 -> 0.69774194 | O21: =O20 -> 1.7252764 | P21: =P20 -> 1.3240105
A22: N: | B22: =H20 -> 62 | C22: LIE: | D22: =OFFSET(INDEX(data!E:E,MATCH(B20,data!E:E,0)),-3,(H20-5)-(B22-1)) -> 223.2 | E22: Deviation: | F22: =F21-D21 -> 0.69774194 | J22: =J21 -> PART01 | K22: =K21 -> Upper Sub-Assembly | L22: =L21 -> PART01_01R_X | M22: =M21 -> Pos X | N22: =N21 -> 0.69774194 | O22: =O21 -> 1.7252764 | P22: =P21 -> 1.3240105
A23: From: | B23: =OFFSET(INDEX(data!E:E,MATCH(B20,data!E:E,0)),-6,(H20-5)-(B22-1)) -> 46169 | C23: LSE: | D23: =OFFSET(INDEX(data!E:E,MATCH(B20,data!E:E,0)),-2,(H20-5)-(B22-1)) -> 229.2 | E23: Cp: | F23: =(D23-D22)/(6*_xlfn.STDEV.P(OFFSET(INDEX(data!E:E,MATCH(B20,data!E:E,0)),-1,(H20-5)-(B22-1),1,B22))) -> 1.7252764 | J23: =J22 -> PART01 | K23: =K22 -> Upper Sub-Assembly | L23: =L22 -> PART01_01R_X | M23: =M22 -> Pos X | N23: =N22 -> 0.69774194 | O23: =O22 -> 1.7252764 | P23: =P22 -> 1.3240105
A24: To: | B24: =OFFSET(INDEX(data!E:E,MATCH(B20,data!E:E,0)),-6,H20-5) -> 46186 | C24: Last value: | D24: =OFFSET(INDEX(data!E:E,MATCH(B20,data!E:E,0)),-1,H20-5) -> 226.98 | E24: Cpk: | F24: =MIN((D23-F21)/(3*_xlfn.STDEV.P(OFFSET(INDEX(data!E:E,MATCH(B20,data!E:E,0)),-1,(H20-5)-(B22-1),1,B22))),(F21-D22)/(3*_xlfn.STDEV.P(OFFSET(INDEX(data!E:E,MATCH(B20,data!E:E,0)),-1,(H20-5)-(B22-1),1,B22)))) -> 1.3240105 | J24: =J23 -> PART01 | K24: =K23 -> Upper Sub-Assembly | L24: =L23 -> PART01_01R_X | M24: =M23 -> Pos X | N24: =N23 -> 0.69774194 | O24: =O23 -> 1.7252764 | P24: =P23 -> 1.3240105
A25: Id: | B25: PART01_01R_Y | C25: Description: | D25: =OFFSET(INDEX(data!E:E,MATCH(B25,data!E:E,0)),0,1) -> Upper Part Inboard RH Hole - Pos Y | H25: =OFFSET(INDEX(data!E:E,MATCH(B25,data!E:E,0)),0,3) -> 62 | J25: =OFFSET(INDEX(data!E:E,MATCH(B25,data!E:E,0)),0,-2) -> PART01 | K25: =OFFSET(INDEX(data!E:E,MATCH(B25,data!E:E,0)),0,-1) -> Upper Sub-Assembly | L25: =B25 -> PART01_01R_Y | M25: =B26 -> Pos Y | N25: =F27 -> 1.4803226 | O25: =F28 -> 1.4359881 | P25: =F29 -> 0.7274129
A26: Axis: | B26: =OFFSET(INDEX(data!E:E,MATCH(B25,data!E:E,0)),0,2) -> Pos Y | C26: Nominal: | D26: =OFFSET(INDEX(data!E:E,MATCH(B25,data!E:E,0)),-4,(H25-5)-(B27-1)) -> 326 | E26: Average: | F26: =AVERAGE(OFFSET(INDEX(data!E:E,MATCH(B25,data!E:E,0)),-1,(H25-5)-(B27-1),1,B27)) -> 327.48032 | J26: =J25 -> PART01 | K26: =K25 -> Upper Sub-Assembly | L26: =L25 -> PART01_01R_Y | M26: =M25 -> Pos Y | N26: =N25 -> 1.4803226 | O26: =O25 -> 1.4359881 | P26: =P25 -> 0.7274129
A27: N: | B27: =H25 -> 62 | C27: LIE: | D27: =OFFSET(INDEX(data!E:E,MATCH(B25,data!E:E,0)),-3,(H25-5)-(B27-1)) -> 323 | E27: Deviation: | F27: =F26-D26 -> 1.4803226 | J27: =J26 -> PART01 | K27: =K26 -> Upper Sub-Assembly | L27: =L26 -> PART01_01R_Y | M27: =M26 -> Pos Y | N27: =N26 -> 1.4803226 | O27: =O26 -> 1.4359881 | P27: =P26 -> 0.7274129
A28: From: | B28: =OFFSET(INDEX(data!E:E,MATCH(B25,data!E:E,0)),-6,(H25-5)-(B27-1)) -> 46169 | C28: LSE: | D28: =OFFSET(INDEX(data!E:E,MATCH(B25,data!E:E,0)),-2,(H25-5)-(B27-1)) -> 329 | E28: Cp: | F28: =(D28-D27)/(6*_xlfn.STDEV.P(OFFSET(INDEX(data!E:E,MATCH(B25,data!E:E,0)),-1,(H25-5)-(B27-1),1,B27))) -> 1.4359881 | J28: =J27 -> PART01 | K28: =K27 -> Upper Sub-Assembly | L28: =L27 -> PART01_01R_Y | M28: =M27 -> Pos Y | N28: =N27 -> 1.4803226 | O28: =O27 -> 1.4359881 | P28: =P27 -> 0.7274129
A29: To: | B29: =OFFSET(INDEX(data!E:E,MATCH(B25,data!E:E,0)),-6,H25-5) -> 46186 | C29: Last value: | D29: =OFFSET(INDEX(data!E:E,MATCH(B25,data!E:E,0)),-1,H25-5) -> 326.93 | E29: Cpk: | F29: =MIN((D28-F26)/(3*_xlfn.STDEV.P(OFFSET(INDEX(data!E:E,MATCH(B25,data!E:E,0)),-1,(H25-5)-(B27-1),1,B27))),(F26-D27)/(3*_xlfn.STDEV.P(OFFSET(INDEX(data!E:E,MATCH(B25,data!E:E,0)),-1,(H25-5)-(B27-1),1,B27)))) -> 0.7274129 | J29: =J28 -> PART01 | K29: =K28 -> Upper Sub-Assembly | L29: =L28 -> PART01_01R_Y | M29: =M28 -> Pos Y | N29: =N28 -> 1.4803226 | O29: =O28 -> 1.4359881 | P29: =P28 -> 0.7274129
A30: Id: | B30: PART01_01R_Z | C30: Description: | D30: =OFFSET(INDEX(data!E:E,MATCH(B30,data!E:E,0)),0,1) -> Upper Part Inboard RH Hole - Pos Z | H30: =OFFSET(INDEX(data!E:E,MATCH(B30,data!E:E,0)),0,3) -> 62 | J30: =OFFSET(INDEX(data!E:E,MATCH(B30,data!E:E,0)),0,-2) -> PART01 | K30: =OFFSET(INDEX(data!E:E,MATCH(B30,data!E:E,0)),0,-1) -> Upper Sub-Assembly | L30: =B30 -> PART01_01R_Z | M30: =B31 -> Pos Z | N30: =F32 -> -0.96548387 | O30: =F33 -> 2.889834 | P30: =F34 -> 1.9598046
A31: Axis: | B31: =OFFSET(INDEX(data!E:E,MATCH(B30,data!E:E,0)),0,2) -> Pos Z | C31: Nominal: | D31: =OFFSET(INDEX(data!E:E,MATCH(B30,data!E:E,0)),-4,(H30-5)-(B32-1)) -> 990.2 | E31: Average: | F31: =AVERAGE(OFFSET(INDEX(data!E:E,MATCH(B30,data!E:E,0)),-1,(H30-5)-(B32-1),1,B32)) -> 989.23452 | J31: =J30 -> PART01 | K31: =K30 -> Upper Sub-Assembly | L31: =L30 -> PART01_01R_Z | M31: =M30 -> Pos Z | N31: =N30 -> -0.96548387 | O31: =O30 -> 2.889834 | P31: =P30 -> 1.9598046
A32: N: | B32: =H30 -> 62 | C32: LIE: | D32: =OFFSET(INDEX(data!E:E,MATCH(B30,data!E:E,0)),-3,(H30-5)-(B32-1)) -> 987.2 | E32: Deviation: | F32: =F31-D31 -> -0.96548387 | J32: =J31 -> PART01 | K32: =K31 -> Upper Sub-Assembly | L32: =L31 -> PART01_01R_Z | M32: =M31 -> Pos Z | N32: =N31 -> -0.96548387 | O32: =O31 -> 2.889834 | P32: =P31 -> 1.9598046
A33: From: | B33: =OFFSET(INDEX(data!E:E,MATCH(B30,data!E:E,0)),-6,(H30-5)-(B32-1)) -> 46169 | C33: LSE: | D33: =OFFSET(INDEX(data!E:E,MATCH(B30,data!E:E,0)),-2,(H30-5)-(B32-1)) -> 993.2 | E33: Cp: | F33: =(D33-D32)/(6*_xlfn.STDEV.P(OFFSET(INDEX(data!E:E,MATCH(B30,data!E:E,0)),-1,(H30-5)-(B32-1),1,B32))) -> 2.889834 | J33: =J32 -> PART01 | K33: =K32 -> Upper Sub-Assembly | L33: =L32 -> PART01_01R_Z | M33: =M32 -> Pos Z | N33: =N32 -> -0.96548387 | O33: =O32 -> 2.889834 | P33: =P32 -> 1.9598046
A34: To: | B34: =OFFSET(INDEX(data!E:E,MATCH(B30,data!E:E,0)),-6,H30-5) -> 46186 | C34: Last value: | D34: =OFFSET(INDEX(data!E:E,MATCH(B30,data!E:E,0)),-1,H30-5) -> 988.68 | E34: Cpk: | F34: =MIN((D33-F31)/(3*_xlfn.STDEV.P(OFFSET(INDEX(data!E:E,MATCH(B30,data!E:E,0)),-1,(H30-5)-(B32-1),1,B32))),(F31-D32)/(3*_xlfn.STDEV.P(OFFSET(INDEX(data!E:E,MATCH(B30,data!E:E,0)),-1,(H30-5)-(B32-1),1,B32)))) -> 1.9598046 | J34: =J33 -> PART01 | K34: =K33 -> Upper Sub-Assembly | L34: =L33 -> PART01_01R_Z | M34: =M33 -> Pos Z | N34: =N33 -> -0.96548387 | O34: =O33 -> 2.889834 | P34: =P33 -> 1.9598046
A35: Id: | B35: PART01_02R_X | C35: Description: | D35: =OFFSET(INDEX(data!E:E,MATCH(B35,data!E:E,0)),0,1) -> Upper Part Outboard RH Hole - Pos X | H35: =OFFSET(INDEX(data!E:E,MATCH(B35,data!E:E,0)),0,3) -> 62 | J35: =OFFSET(INDEX(data!E:E,MATCH(B35,data!E:E,0)),0,-2) -> PART01 | K35: =OFFSET(INDEX(data!E:E,MATCH(B35,data!E:E,0)),0,-1) -> Upper Sub-Assembly | L35: =B35 -> PART01_02R_X | M35: =B36 -> Pos X | N35: =F37 -> 1.5417742 | O35: =F38 -> 1.6963659 | P35: =F39 -> 0.82456149
A36: Axis: | B36: =OFFSET(INDEX(data!E:E,MATCH(B35,data!E:E,0)),0,2) -> Pos X | C36: Nominal: | D36: =OFFSET(INDEX(data!E:E,MATCH(B35,data!E:E,0)),-4,(H35-5)-(B37-1)) -> 226.2 | E36: Average: | F36: =AVERAGE(OFFSET(INDEX(data!E:E,MATCH(B35,data!E:E,0)),-1,(H35-5)-(B37-1),1,B37)) -> 227.74177 | J36: =J35 -> PART01 | K36: =K35 -> Upper Sub-Assembly | L36: =L35 -> PART01_02R_X | M36: =M35 -> Pos X | N36: =N35 -> 1.5417742 | O36: =O35 -> 1.6963659 | P36: =P35 -> 0.82456149
A37: N: | B37: =H35 -> 62 | C37: LIE: | D37: =OFFSET(INDEX(data!E:E,MATCH(B35,data!E:E,0)),-3,(H35-5)-(B37-1)) -> 223.2 | E37: Deviation: | F37: =F36-D36 -> 1.5417742 | J37: =J36 -> PART01 | K37: =K36 -> Upper Sub-Assembly | L37: =L36 -> PART01_02R_X | M37: =M36 -> Pos X | N37: =N36 -> 1.5417742 | O37: =O36 -> 1.6963659 | P37: =P36 -> 0.82456149
A38: From: | B38: =OFFSET(INDEX(data!E:E,MATCH(B35,data!E:E,0)),-6,(H35-5)-(B37-1)) -> 46169 | C38: LSE: | D38: =OFFSET(INDEX(data!E:E,MATCH(B35,data!E:E,0)),-2,(H35-5)-(B37-1)) -> 229.2 | E38: Cp: | F38: =(D38-D37)/(6*_xlfn.STDEV.P(OFFSET(INDEX(data!E:E,MATCH(B35,data!E:E,0)),-1,(H35-5)-(B37-1),1,B37))) -> 1.6963659 | J38: =J37 -> PART01 | K38: =K37 -> Upper Sub-Assembly | L38: =L37 -> PART01_02R_X | M38: =M37 -> Pos X | N38: =N37 -> 1.5417742 | O38: =O37 -> 1.6963659 | P38: =P37 -> 0.82456149
A39: To: | B39: =OFFSET(INDEX(data!E:E,MATCH(B35,data!E:E,0)),-6,H35-5) -> 46186 | C39: Last value: | D39: =OFFSET(INDEX(data!E:E,MATCH(B35,data!E:E,0)),-1,H35-5) -> 227.77 | E39: Cpk: | F39: =MIN((D38-F36)/(3*_xlfn.STDEV.P(OFFSET(INDEX(data!E:E,MATCH(B35,data!E:E,0)),-1,(H35-5)-(B37-1),1,B37))),(F36-D37)/(3*_xlfn.STDEV.P(OFFSET(INDEX(data!E:E,MATCH(B35,data!E:E,0)),-1,(H35-5)-(B37-1),1,B37)))) -> 0.82456149 | J39: =J38 -> PART01 | K39: =K38 -> Upper Sub-Assembly | L39: =L38 -> PART01_02R_X | M39: =M38 -> Pos X | N39: =N38 -> 1.5417742 | O39: =O38 -> 1.6963659 | P39: =P38 -> 0.82456149
A40: Id: | B40: PART01_02R_Y | C40: Description: | D40: =OFFSET(INDEX(data!E:E,MATCH(B40,data!E:E,0)),0,1) -> Upper Part Outboard RH Hole - Pos Y | H40: =OFFSET(INDEX(data!E:E,MATCH(B40,data!E:E,0)),0,3) -> 62 | J40: =OFFSET(INDEX(data!E:E,MATCH(B40,data!E:E,0)),0,-2) -> PART01 | K40: =OFFSET(INDEX(data!E:E,MATCH(B40,data!E:E,0)),0,-1) -> Upper Sub-Assembly | L40: =B40 -> PART01_02R_Y | M40: =B41 -> Pos Y | N40: =F42 -> 0.68774194 | O40: =F43 -> 1.3692067 | P40: =F44 -> 1.0553197
A41: Axis: | B41: =OFFSET(INDEX(data!E:E,MATCH(B40,data!E:E,0)),0,2) -> Pos Y | C41: Nominal: | D41: =OFFSET(INDEX(data!E:E,MATCH(B40,data!E:E,0)),-4,(H40-5)-(B42-1)) -> 449 | E41: Average: | F41: =AVERAGE(OFFSET(INDEX(data!E:E,MATCH(B40,data!E:E,0)),-1,(H40-5)-(B42-1),1,B42)) -> 449.68774 | J41: =J40 -> PART01 | K41: =K40 -> Upper Sub-Assembly | L41: =L40 -> PART01_02R_Y | M41: =M40 -> Pos Y | N41: =N40 -> 0.68774194 | O41: =O40 -> 1.3692067 | P41: =P40 -> 1.0553197
A42: N: | B42: =H40 -> 62 | C42: LIE: | D42: =OFFSET(INDEX(data!E:E,MATCH(B40,data!E:E,0)),-3,(H40-5)-(B42-1)) -> 446 | E42: Deviation: | F42: =F41-D41 -> 0.68774194 | J42: =J41 -> PART01 | K42: =K41 -> Upper Sub-Assembly | L42: =L41 -> PART01_02R_Y | M42: =M41 -> Pos Y | N42: =N41 -> 0.68774194 | O42: =O41 -> 1.3692067 | P42: =P41 -> 1.0553197
A43: From: | B43: =OFFSET(INDEX(data!E:E,MATCH(B40,data!E:E,0)),-6,(H40-5)-(B42-1)) -> 46169 | C43: LSE: | D43: =OFFSET(INDEX(data!E:E,MATCH(B40,data!E:E,0)),-2,(H40-5)-(B42-1)) -> 452 | E43: Cp: | F43: =(D43-D42)/(6*_xlfn.STDEV.P(OFFSET(INDEX(data!E:E,MATCH(B40,data!E:E,0)),-1,(H40-5)-(B42-1),1,B42))) -> 1.3692067 | J43: =J42 -> PART01 | K43: =K42 -> Upper Sub-Assembly | L43: =L42 -> PART01_02R_Y | M43: =M42 -> Pos Y | N43: =N42 -> 0.68774194 | O43: =O42 -> 1.3692067 | P43: =P42 -> 1.0553197
A44: To: | B44: =OFFSET(INDEX(data!E:E,MATCH(B40,data!E:E,0)),-6,H40-5) -> 46186 | C44: Last value: | D44: =OFFSET(INDEX(data!E:E,MATCH(B40,data!E:E,0)),-1,H40-5) -> 448.84 | E44: Cpk: | F44: =MIN((D43-F41)/(3*_xlfn.STDEV.P(OFFSET(INDEX(data!E:E,MATCH(B40,data!E:E,0)),-1,(H40-5)-(B42-1),1,B42))),(F41-D42)/(3*_xlfn.STDEV.P(OFFSET(INDEX(data!E:E,MATCH(B40,data!E:E,0)),-1,(H40-5)-(B42-1),1,B42)))) -> 1.0553197 | J44: =J43 -> PART01 | K44: =K43 -> Upper Sub-Assembly | L44: =L43 -> PART01_02R_Y | M44: =M43 -> Pos Y | N44: =N43 -> 0.68774194 | O44: =O43 -> 1.3692067 | P44: =P43 -> 1.0553197
A45: Id: | B45: PART01_02R_Z | C45: Description: | D45: =OFFSET(INDEX(data!E:E,MATCH(B45,data!E:E,0)),0,1) -> Upper Part Outboard RH Hole - Pos Z | H45: =OFFSET(INDEX(data!E:E,MATCH(B45,data!E:E,0)),0,3) -> 62 | J45: =OFFSET(INDEX(data!E:E,MATCH(B45,data!E:E,0)),0,-2) -> PART01 | K45: =OFFSET(INDEX(data!E:E,MATCH(B45,data!E:E,0)),0,-1) -> Upper Sub-Assembly | L45: =B45 -> PART01_02R_Z | M45: =B46 -> Pos Z | N45: =F47 -> -0.69419355 | O45: =F48 -> 3.0504498 | P45: =F49 -> 2.3445823
A46: Axis: | B46: =OFFSET(INDEX(data!E:E,MATCH(B45,data!E:E,0)),0,2) -> Pos Z | C46: Nominal: | D46: =OFFSET(INDEX(data!E:E,MATCH(B45,data!E:E,0)),-4,(H45-5)-(B47-1)) -> 1052.3 | E46: Average: | F46: =AVERAGE(OFFSET(INDEX(data!E:E,MATCH(B45,data!E:E,0)),-1,(H45-5)-(B47-1),1,B47)) -> 1051.6058 | J46: =J45 -> PART01 | K46: =K45 -> Upper Sub-Assembly | L46: =L45 -> PART01_02R_Z | M46: =M45 -> Pos Z | N46: =N45 -> -0.69419355 | O46: =O45 -> 3.0504498 | P46: =P45 -> 2.3445823
A47: N: | B47: =H45 -> 62 | C47: LIE: | D47: =OFFSET(INDEX(data!E:E,MATCH(B45,data!E:E,0)),-3,(H45-5)-(B47-1)) -> 1049.3 | E47: Deviation: | F47: =F46-D46 -> -0.69419355 | J47: =J46 -> PART01 | K47: =K46 -> Upper Sub-Assembly | L47: =L46 -> PART01_02R_Z | M47: =M46 -> Pos Z | N47: =N46 -> -0.69419355 | O47: =O46 -> 3.0504498 | P47: =P46 -> 2.3445823
A48: From: | B48: =OFFSET(INDEX(data!E:E,MATCH(B45,data!E:E,0)),-6,(H45-5)-(B47-1)) -> 46169 | C48: LSE: | D48: =OFFSET(INDEX(data!E:E,MATCH(B45,data!E:E,0)),-2,(H45-5)-(B47-1)) -> 1055.3 | E48: Cp: | F48: =(D48-D47)/(6*_xlfn.STDEV.P(OFFSET(INDEX(data!E:E,MATCH(B45,data!E:E,0)),-1,(H45-5)-(B47-1),1,B47))) -> 3.0504498 | J48: =J47 -> PART01 | K48: =K47 -> Upper Sub-Assembly | L48: =L47 -> PART01_02R_Z | M48: =M47 -> Pos Z | N48: =N47 -> -0.69419355 | O48: =O47 -> 3.0504498 | P48: =P47 -> 2.3445823
A49: To: | B49: =OFFSET(INDEX(data!E:E,MATCH(B45,data!E:E,0)),-6,H45-5) -> 46186 | C49: Last value: | D49: =OFFSET(INDEX(data!E:E,MATCH(B45,data!E:E,0)),-1,H45-5) -> 1051.68 | E49: Cpk: | F49: =MIN((D48-F46)/(3*_xlfn.STDEV.P(OFFSET(INDEX(data!E:E,MATCH(B45,data!E:E,0)),-1,(H45-5)-(B47-1),1,B47))),(F46-D47)/(3*_xlfn.STDEV.P(OFFSET(INDEX(data!E:E,MATCH(B45,data!E:E,0)),-1,(H45-5)-(B47-1),1,B47)))) -> 2.3445823 | J49: =J48 -> PART01 | K49: =K48 -> Upper Sub-Assembly | L49: =L48 -> PART01_02R_Z | M49: =M48 -> Pos Z | N49: =N48 -> -0.69419355 | O49: =O48 -> 3.0504498 | P49: =P48 -> 2.3445823
A50: Id: | B50: PART01_P1_Y | C50: Description: | D50: =OFFSET(INDEX(data!E:E,MATCH(B50,data!E:E,0)),0,1) -> Lower Part - Outboard vs Outboard Holes - W-Pitch | H50: =OFFSET(INDEX(data!E:E,MATCH(B50,data!E:E,0)),0,3) -> 62 | J50: =OFFSET(INDEX(data!E:E,MATCH(B50,data!E:E,0)),0,-2) -> PART01 | K50: =OFFSET(INDEX(data!E:E,MATCH(B50,data!E:E,0)),0,-1) -> Upper Sub-Assembly | L50: =B50 -> PART01_P1_Y | M50: =B51 -> Dist Y | N50: =F52 -> 3.1867742 | O50: =F53 -> 1.2132487 | P50: =F54 -> -0.075534516
A51: Axis: | B51: =OFFSET(INDEX(data!E:E,MATCH(B50,data!E:E,0)),0,2) -> Dist Y | C51: Nominal: | D51: =OFFSET(INDEX(data!E:E,MATCH(B50,data!E:E,0)),-4,(H50-5)-(B52-1)) -> 652 | E51: Average: | F51: =AVERAGE(OFFSET(INDEX(data!E:E,MATCH(B50,data!E:E,0)),-1,(H50-5)-(B52-1),1,B52)) -> 655.18677 | J51: =J50 -> PART01 | K51: =K50 -> Upper Sub-Assembly | L51: =L50 -> PART01_P1_Y | M51: =M50 -> Dist Y | N51: =N50 -> 3.1867742 | O51: =O50 -> 1.2132487 | P51: =P50 -> -0.075534516
A52: N: | B52: =H50 -> 62 | C52: LIE: | D52: =OFFSET(INDEX(data!E:E,MATCH(B50,data!E:E,0)),-3,(H50-5)-(B52-1)) -> 649 | E52: Deviation: | F52: =F51-D51 -> 3.1867742 | J52: =J51 -> PART01 | K52: =K51 -> Upper Sub-Assembly | L52: =L51 -> PART01_P1_Y | M52: =M51 -> Dist Y | N52: =N51 -> 3.1867742 | O52: =O51 -> 1.2132487 | P52: =P51 -> -0.075534516
A53: From: | B53: =OFFSET(INDEX(data!E:E,MATCH(B50,data!E:E,0)),-6,(H50-5)-(B52-1)) -> 46169 | C53: LSE: | D53: =OFFSET(INDEX(data!E:E,MATCH(B50,data!E:E,0)),-2,(H50-5)-(B52-1)) -> 655 | E53: Cp: | F53: =(D53-D52)/(6*_xlfn.STDEV.P(OFFSET(INDEX(data!E:E,MATCH(B50,data!E:E,0)),-1,(H50-5)-(B52-1),1,B52))) -> 1.2132487 | J53: =J52 -> PART01 | K53: =K52 -> Upper Sub-Assembly | L53: =L52 -> PART01_P1_Y | M53: =M52 -> Dist Y | N53: =N52 -> 3.1867742 | O53: =O52 -> 1.2132487 | P53: =P52 -> -0.075534516
A54: To: | B54: =OFFSET(INDEX(data!E:E,MATCH(B50,data!E:E,0)),-6,H50-5) -> 46186 | C54: Last value: | D54: =OFFSET(INDEX(data!E:E,MATCH(B50,data!E:E,0)),-1,H50-5) -> 654.82 | E54: Cpk: | F54: =MIN((D53-F51)/(3*_xlfn.STDEV.P(OFFSET(INDEX(data!E:E,MATCH(B50,data!E:E,0)),-1,(H50-5)-(B52-1),1,B52))),(F51-D52)/(3*_xlfn.STDEV.P(OFFSET(INDEX(data!E:E,MATCH(B50,data!E:E,0)),-1,(H50-5)-(B52-1),1,B52)))) -> -0.075534516 | J54: =J53 -> PART01 | K54: =K53 -> Upper Sub-Assembly | L54: =L53 -> PART01_P1_Y | M54: =M53 -> Dist Y | N54: =N53 -> 3.1867742 | O54: =O53 -> 1.2132487 | P54: =P53 -> -0.075534516
A55: Id: | B55: PART02_01L_X | C55: Description: | D55: =OFFSET(INDEX(data!E:E,MATCH(B55,data!E:E,0)),0,1) -> Lower Part Inboard LH Hole - Pos X | H55: =OFFSET(INDEX(data!E:E,MATCH(B55,data!E:E,0)),0,3) -> 62 | J55: =OFFSET(INDEX(data!E:E,MATCH(B55,data!E:E,0)),0,-2) -> PART02 | K55: =OFFSET(INDEX(data!E:E,MATCH(B55,data!E:E,0)),0,-1) -> Lower Sub-Assembly | L55: =B55 -> PART02_01L_X | M55: =B56 -> Pos X | N55: =F57 -> 0.17983871 | O55: =F58 -> 1.6882372 | P55: =F59 -> 1.6123346
A56: Axis: | B56: =OFFSET(INDEX(data!E:E,MATCH(B55,data!E:E,0)),0,2) -> Pos X | C56: Nominal: | D56: =OFFSET(INDEX(data!E:E,MATCH(B55,data!E:E,0)),-4,(H55-5)-(B57-1)) -> 420 | E56: Average: | F56: =AVERAGE(OFFSET(INDEX(data!E:E,MATCH(B55,data!E:E,0)),-1,(H55-5)-(B57-1),1,B57)) -> 420.17984 | J56: =J55 -> PART02 | K56: =K55 -> Lower Sub-Assembly | L56: =L55 -> PART02_01L_X | M56: =M55 -> Pos X | N56: =N55 -> 0.17983871 | O56: =O55 -> 1.6882372 | P56: =P55 -> 1.6123346
A57: N: | B57: =H55 -> 62 | C57: LIE: | D57: =OFFSET(INDEX(data!E:E,MATCH(B55,data!E:E,0)),-3,(H55-5)-(B57-1)) -> 416 | E57: Deviation: | F57: =F56-D56 -> 0.17983871 | J57: =J56 -> PART02 | K57: =K56 -> Lower Sub-Assembly | L57: =L56 -> PART02_01L_X | M57: =M56 -> Pos X | N57: =N56 -> 0.17983871 | O57: =O56 -> 1.6882372 | P57: =P56 -> 1.6123346
A58: From: | B58: =OFFSET(INDEX(data!E:E,MATCH(B55,data!E:E,0)),-6,(H55-5)-(B57-1)) -> 46169 | C58: LSE: | D58: =OFFSET(INDEX(data!E:E,MATCH(B55,data!E:E,0)),-2,(H55-5)-(B57-1)) -> 424 | E58: Cp: | F58: =(D58-D57)/(6*_xlfn.STDEV.P(OFFSET(INDEX(data!E:E,MATCH(B55,data!E:E,0)),-1,(H55-5)-(B57-1),1,B57))) -> 1.6882372 | J58: =J57 -> PART02 | K58: =K57 -> Lower Sub-Assembly | L58: =L57 -> PART02_01L_X | M58: =M57 -> Pos X | N58: =N57 -> 0.17983871 | O58: =O57 -> 1.6882372 | P58: =P57 -> 1.6123346
A59: To: | B59: =OFFSET(INDEX(data!E:E,MATCH(B55,data!E:E,0)),-6,H55-5) -> 46186 | C59: Last value: | D59: =OFFSET(INDEX(data!E:E,MATCH(B55,data!E:E,0)),-1,H55-5) -> 420.88 | E59: Cpk: | F59: =MIN((D58-F56)/(3*_xlfn.STDEV.P(OFFSET(INDEX(data!E:E,MATCH(B55,data!E:E,0)),-1,(H55-5)-(B57-1),1,B57))),(F56-D57)/(3*_xlfn.STDEV.P(OFFSET(INDEX(data!E:E,MATCH(B55,data!E:E,0)),-1,(H55-5)-(B57-1),1,B57)))) -> 1.6123346 | J59: =J58 -> PART02 | K59: =K58 -> Lower Sub-Assembly | L59: =L58 -> PART02_01L_X | M59: =M58 -> Pos X | N59: =N58 -> 0.17983871 | O59: =O58 -> 1.6882372 | P59: =P58 -> 1.6123346
A60: Id: | B60: PART02_01L_Y | C60: Description: | D60: =OFFSET(INDEX(data!E:E,MATCH(B60,data!E:E,0)),0,1) -> Lower Part Inboard LH Hole - Pos Y | H60: =OFFSET(INDEX(data!E:E,MATCH(B60,data!E:E,0)),0,3) -> 62 | J60: =OFFSET(INDEX(data!E:E,MATCH(B60,data!E:E,0)),0,-2) -> PART02 | K60: =OFFSET(INDEX(data!E:E,MATCH(B60,data!E:E,0)),0,-1) -> Lower Sub-Assembly | L60: =B60 -> PART02_01L_Y | M60: =B61 -> Pos Y | N60: =F62 -> -1.1108065 | O60: =F63 -> 3.0337854 | P60: =F64 -> 2.1912983
A61: Axis: | B61: =OFFSET(INDEX(data!E:E,MATCH(B60,data!E:E,0)),0,2) -> Pos Y | C61: Nominal: | D61: =OFFSET(INDEX(data!E:E,MATCH(B60,data!E:E,0)),-4,(H60-5)-(B62-1)) -> -459.6 | E61: Average: | F61: =AVERAGE(OFFSET(INDEX(data!E:E,MATCH(B60,data!E:E,0)),-1,(H60-5)-(B62-1),1,B62)) -> -460.71081 | J61: =J60 -> PART02 | K61: =K60 -> Lower Sub-Assembly | L61: =L60 -> PART02_01L_Y | M61: =M60 -> Pos Y | N61: =N60 -> -1.1108065 | O61: =O60 -> 3.0337854 | P61: =P60 -> 2.1912983
A62: N: | B62: =H60 -> 62 | C62: LIE: | D62: =OFFSET(INDEX(data!E:E,MATCH(B60,data!E:E,0)),-3,(H60-5)-(B62-1)) -> -463.6 | E62: Deviation: | F62: =F61-D61 -> -1.1108065 | J62: =J61 -> PART02 | K62: =K61 -> Lower Sub-Assembly | L62: =L61 -> PART02_01L_Y | M62: =M61 -> Pos Y | N62: =N61 -> -1.1108065 | O62: =O61 -> 3.0337854 | P62: =P61 -> 2.1912983
A63: From: | B63: =OFFSET(INDEX(data!E:E,MATCH(B60,data!E:E,0)),-6,(H60-5)-(B62-1)) -> 46169 | C63: LSE: | D63: =OFFSET(INDEX(data!E:E,MATCH(B60,data!E:E,0)),-2,(H60-5)-(B62-1)) -> -455.6 | E63: Cp: | F63: =(D63-D62)/(6*_xlfn.STDEV.P(OFFSET(INDEX(data!E:E,MATCH(B60,data!E:E,0)),-1,(H60-5)-(B62-1),1,B62))) -> 3.0337854 | J63: =J62 -> PART02 | K63: =K62 -> Lower Sub-Assembly | L63: =L62 -> PART02_01L_Y | M63: =M62 -> Pos Y | N63: =N62 -> -1.1108065 | O63: =O62 -> 3.0337854 | P63: =P62 -> 2.1912983
A64: To: | B64: =OFFSET(INDEX(data!E:E,MATCH(B60,data!E:E,0)),-6,H60-5) -> 46186 | C64: Last value: | D64: =OFFSET(INDEX(data!E:E,MATCH(B60,data!E:E,0)),-1,H60-5) -> -460.66 | E64: Cpk: | F64: =MIN((D63-F61)/(3*_xlfn.STDEV.P(OFFSET(INDEX(data!E:E,MATCH(B60,data!E:E,0)),-1,(H60-5)-(B62-1),1,B62))),(F61-D62)/(3*_xlfn.STDEV.P(OFFSET(INDEX(data!E:E,MATCH(B60,data!E:E,0)),-1,(H60-5)-(B62-1),1,B62)))) -> 2.1912983 | J64: =J63 -> PART02 | K64: =K63 -> Lower Sub-Assembly | L64: =L63 -> PART02_01L_Y | M64: =M63 -> Pos Y | N64: =N63 -> -1.1108065 | O64: =O63 -> 3.0337854 | P64: =P63 -> 2.1912983
A65: Id: | B65: PART02_01L_Z | C65: Description: | D65: =OFFSET(INDEX(data!E:E,MATCH(B65,data!E:E,0)),0,1) -> Lower Part Inboard LH Hole - Pos Z | H65: =OFFSET(INDEX(data!E:E,MATCH(B65,data!E:E,0)),0,3) -> 62 | J65: =OFFSET(INDEX(data!E:E,MATCH(B65,data!E:E,0)),0,-2) -> PART02 | K65: =OFFSET(INDEX(data!E:E,MATCH(B65,data!E:E,0)),0,-1) -> Lower Sub-Assembly | L65: =B65 -> PART02_01L_Z | M65: =B66 -> Pos Z | N65: =F67 -> -2.3230645 | O65: =F68 -> 6.0230711 | P65: =F69 -> 2.5250754
A66: Axis: | B66: =OFFSET(INDEX(data!E:E,MATCH(B65,data!E:E,0)),0,2) -> Pos Z | C66: Nominal: | D66: =OFFSET(INDEX(data!E:E,MATCH(B65,data!E:E,0)),-4,(H65-5)-(B67-1)) -> 1071.4 | E66: Average: | F66: =AVERAGE(OFFSET(INDEX(data!E:E,MATCH(B65,data!E:E,0)),-1,(H65-5)-(B67-1),1,B67)) -> 1069.0769 | J66: =J65 -> PART02 | K66: =K65 -> Lower Sub-Assembly | L66: =L65 -> PART02_01L_Z | M66: =M65 -> Pos Z | N66: =N65 -> -2.3230645 | O66: =O65 -> 6.0230711 | P66: =P65 -> 2.5250754
A67: N: | B67: =H65 -> 62 | C67: LIE: | D67: =OFFSET(INDEX(data!E:E,MATCH(B65,data!E:E,0)),-3,(H65-5)-(B67-1)) -> 1067.4 | E67: Deviation: | F67: =F66-D66 -> -2.3230645 | J67: =J66 -> PART02 | K67: =K66 -> Lower Sub-Assembly | L67: =L66 -> PART02_01L_Z | M67: =M66 -> Pos Z | N67: =N66 -> -2.3230645 | O67: =O66 -> 6.0230711 | P67: =P66 -> 2.5250754
A68: From: | B68: =OFFSET(INDEX(data!E:E,MATCH(B65,data!E:E,0)),-6,(H65-5)-(B67-1)) -> 46169 | C68: LSE: | D68: =OFFSET(INDEX(data!E:E,MATCH(B65,data!E:E,0)),-2,(H65-5)-(B67-1)) -> 1075.4 | E68: Cp: | F68: =(D68-D67)/(6*_xlfn.STDEV.P(OFFSET(INDEX(data!E:E,MATCH(B65,data!E:E,0)),-1,(H65-5)-(B67-1),1,B67))) -> 6.0230711 | J68: =J67 -> PART02 | K68: =K67 -> Lower Sub-Assembly | L68: =L67 -> PART02_01L_Z | M68: =M67 -> Pos Z | N68: =N67 -> -2.3230645 | O68: =O67 -> 6.0230711 | P68: =P67 -> 2.5250754
A69: To: | B69: =OFFSET(INDEX(data!E:E,MATCH(B65,data!E:E,0)),-6,H65-5) -> 46186 | C69: Last value: | D69: =OFFSET(INDEX(data!E:E,MATCH(B65,data!E:E,0)),-1,H65-5) -> 1069.09 | E69: Cpk: | F69: =MIN((D68-F66)/(3*_xlfn.STDEV.P(OFFSET(INDEX(data!E:E,MATCH(B65,data!E:E,0)),-1,(H65-5)-(B67-1),1,B67))),(F66-D67)/(3*_xlfn.STDEV.P(OFFSET(INDEX(data!E:E,MATCH(B65,data!E:E,0)),-1,(H65-5)-(B67-1),1,B67)))) -> 2.5250754 | J69: =J68 -> PART02 | K69: =K68 -> Lower Sub-Assembly | L69: =L68 -> PART02_01L_Z | M69: =M68 -> Pos Z | N69: =N68 -> -2.3230645 | O69: =O68 -> 6.0230711 | P69: =P68 -> 2.5250754
A70: Id: | B70: PART02_01R_X | C70: Description: | D70: =OFFSET(INDEX(data!E:E,MATCH(B70,data!E:E,0)),0,1) -> Lower Part Inboard RH Hole - Pos X | H70: =OFFSET(INDEX(data!E:E,MATCH(B70,data!E:E,0)),0,3) -> 62 | J70: =OFFSET(INDEX(data!E:E,MATCH(B70,data!E:E,0)),0,-2) -> PART02 | K70: =OFFSET(INDEX(data!E:E,MATCH(B70,data!E:E,0)),0,-1) -> Lower Sub-Assembly | L70: =B70 -> PART02_01R_X | M70: =B71 -> Pos X | N70: =F72 -> 1.3067742 | O70: =F73 -> 1.7603203 | P70: =F74 -> 1.185235
A71: Axis: | B71: =OFFSET(INDEX(data!E:E,MATCH(B70,data!E:E,0)),0,2) -> Pos X | C71: Nominal: | D71: =OFFSET(INDEX(data!E:E,MATCH(B70,data!E:E,0)),-4,(H70-5)-(B72-1)) -> 420 | E71: Average: | F71: =AVERAGE(OFFSET(INDEX(data!E:E,MATCH(B70,data!E:E,0)),-1,(H70-5)-(B72-1),1,B72)) -> 421.30677 | J71: =J70 -> PART02 | K71: =K70 -> Lower Sub-Assembly | L71: =L70 -> PART02_01R_X | M71: =M70 -> Pos X | N71: =N70 -> 1.3067742 | O71: =O70 -> 1.7603203 | P71: =P70 -> 1.185235
A72: N: | B72: =H70 -> 62 | C72: LIE: | D72: =OFFSET(INDEX(data!E:E,MATCH(B70,data!E:E,0)),-3,(H70-5)-(B72-1)) -> 416 | E72: Deviation: | F72: =F71-D71 -> 1.3067742 | J72: =J71 -> PART02 | K72: =K71 -> Lower Sub-Assembly | L72: =L71 -> PART02_01R_X | M72: =M71 -> Pos X | N72: =N71 -> 1.3067742 | O72: =O71 -> 1.7603203 | P72: =P71 -> 1.185235
A73: From: | B73: =OFFSET(INDEX(data!E:E,MATCH(B70,data!E:E,0)),-6,(H70-5)-(B72-1)) -> 46169 | C73: LSE: | D73: =OFFSET(INDEX(data!E:E,MATCH(B70,data!E:E,0)),-2,(H70-5)-(B72-1)) -> 424 | E73: Cp: | F73: =(D73-D72)/(6*_xlfn.STDEV.P(OFFSET(INDEX(data!E:E,MATCH(B70,data!E:E,0)),-1,(H70-5)-(B72-1),1,B72))) -> 1.7603203 | J73: =J72 -> PART02 | K73: =K72 -> Lower Sub-Assembly | L73: =L72 -> PART02_01R_X | M73: =M72 -> Pos X | N73: =N72 -> 1.3067742 | O73: =O72 -> 1.7603203 | P73: =P72 -> 1.185235
A74: To: | B74: =OFFSET(INDEX(data!E:E,MATCH(B70,data!E:E,0)),-6,H70-5) -> 46186 | C74: Last value: | D74: =OFFSET(INDEX(data!E:E,MATCH(B70,data!E:E,0)),-1,H70-5) -> 421.46 | E74: Cpk: | F74: =MIN((D73-F71)/(3*_xlfn.STDEV.P(OFFSET(INDEX(data!E:E,MATCH(B70,data!E:E,0)),-1,(H70-5)-(B72-1),1,B72))),(F71-D72)/(3*_xlfn.STDEV.P(OFFSET(INDEX(data!E:E,MATCH(B70,data!E:E,0)),-1,(H70-5)-(B72-1),1,B72)))) -> 1.185235 | J74: =J73 -> PART02 | K74: =K73 -> Lower Sub-Assembly | L74: =L73 -> PART02_01R_X | M74: =M73 -> Pos X | N74: =N73 -> 1.3067742 | O74: =O73 -> 1.7603203 | P74: =P73 -> 1.185235
A75: Id: | B75: PART02_01R_Y | C75: Description: | D75: =OFFSET(INDEX(data!E:E,MATCH(B75,data!E:E,0)),0,1) -> Lower Part Inboard RH Hole - Pos Y | H75: =OFFSET(INDEX(data!E:E,MATCH(B75,data!E:E,0)),0,3) -> 62 | J75: =OFFSET(INDEX(data!E:E,MATCH(B75,data!E:E,0)),0,-2) -> PART02 | K75: =OFFSET(INDEX(data!E:E,MATCH(B75,data!E:E,0)),0,-1) -> Lower Sub-Assembly | L75: =B75 -> PART02_01R_Y | M75: =B76 -> Pos Y | N75: =F77 -> 0.16532258 | O75: =F78 -> 2.8648636 | P75: =F79 -> 2.746457
A76: Axis: | B76: =OFFSET(INDEX(data!E:E,MATCH(B75,data!E:E,0)),0,2) -> Pos Y | C76: Nominal: | D76: =OFFSET(INDEX(data!E:E,MATCH(B75,data!E:E,0)),-4,(H75-5)-(B77-1)) -> 459.6 | E76: Average: | F76: =AVERAGE(OFFSET(INDEX(data!E:E,MATCH(B75,data!E:E,0)),-1,(H75-5)-(B77-1),1,B77)) -> 459.76532 | J76: =J75 -> PART02 | K76: =K75 -> Lower Sub-Assembly | L76: =L75 -> PART02_01R_Y | M76: =M75 -> Pos Y | N76: =N75 -> 0.16532258 | O76: =O75 -> 2.8648636 | P76: =P75 -> 2.746457
A77: N: | B77: =H75 -> 62 | C77: LIE: | D77: =OFFSET(INDEX(data!E:E,MATCH(B75,data!E:E,0)),-3,(H75-5)-(B77-1)) -> 455.6 | E77: Deviation: | F77: =F76-D76 -> 0.16532258 | J77: =J76 -> PART02 | K77: =K76 -> Lower Sub-Assembly | L77: =L76 -> PART02_01R_Y | M77: =M76 -> Pos Y | N77: =N76 -> 0.16532258 | O77: =O76 -> 2.8648636 | P77: =P76 -> 2.746457
A78: From: | B78: =OFFSET(INDEX(data!E:E,MATCH(B75,data!E:E,0)),-6,(H75-5)-(B77-1)) -> 46169 | C78: LSE: | D78: =OFFSET(INDEX(data!E:E,MATCH(B75,data!E:E,0)),-2,(H75-5)-(B77-1)) -> 463.6 | E78: Cp: | F78: =(D78-D77)/(6*_xlfn.STDEV.P(OFFSET(INDEX(data!E:E,MATCH(B75,data!E:E,0)),-1,(H75-5)-(B77-1),1,B77))) -> 2.8648636 | J78: =J77 -> PART02 | K78: =K77 -> Lower Sub-Assembly | L78: =L77 -> PART02_01R_Y | M78: =M77 -> Pos Y | N78: =N77 -> 0.16532258 | O78: =O77 -> 2.8648636 | P78: =P77 -> 2.746457
A79: To: | B79: =OFFSET(INDEX(data!E:E,MATCH(B75,data!E:E,0)),-6,H75-5) -> 46186 | C79: Last value: | D79: =OFFSET(INDEX(data!E:E,MATCH(B75,data!E:E,0)),-1,H75-5) -> 459.19 | E79: Cpk: | F79: =MIN((D78-F76)/(3*_xlfn.STDEV.P(OFFSET(INDEX(data!E:E,MATCH(B75,data!E:E,0)),-1,(H75-5)-(B77-1),1,B77))),(F76-D77)/(3*_xlfn.STDEV.P(OFFSET(INDEX(data!E:E,MATCH(B75,data!E:E,0)),-1,(H75-5)-(B77-1),1,B77)))) -> 2.746457 | J79: =J78 -> PART02 | K79: =K78 -> Lower Sub-Assembly | L79: =L78 -> PART02_01R_Y | M79: =M78 -> Pos Y | N79: =N78 -> 0.16532258 | O79: =O78 -> 2.8648636 | P79: =P78 -> 2.746457
A80: Id: | B80: PART02_01R_Z | C80: Description: | D80: =OFFSET(INDEX(data!E:E,MATCH(B80,data!E:E,0)),0,1) -> Lower Part Inboard RH Hole - Pos Z | H80: =OFFSET(INDEX(data!E:E,MATCH(B80,data!E:E,0)),0,3) -> 62 | J80: =OFFSET(INDEX(data!E:E,MATCH(B80,data!E:E,0)),0,-2) -> PART02 | K80: =OFFSET(INDEX(data!E:E,MATCH(B80,data!E:E,0)),0,-1) -> Lower Sub-Assembly | L80: =B80 -> PART02_01R_Z | M80: =B81 -> Pos Z | N80: =F82 -> -0.96354839 | O80: =F83 -> 3.5440162 | P80: =F84 -> 2.6903084
A81: Axis: | B81: =OFFSET(INDEX(data!E:E,MATCH(B80,data!E:E,0)),0,2) -> Pos Z | C81: Nominal: | D81: =OFFSET(INDEX(data!E:E,MATCH(B80,data!E:E,0)),-4,(H80-5)-(B82-1)) -> 1071.4 | E81: Average: | F81: =AVERAGE(OFFSET(INDEX(data!E:E,MATCH(B80,data!E:E,0)),-1,(H80-5)-(B82-1),1,B82)) -> 1070.4365 | J81: =J80 -> PART02 | K81: =K80 -> Lower Sub-Assembly | L81: =L80 -> PART02_01R_Z | M81: =M80 -> Pos Z | N81: =N80 -> -0.96354839 | O81: =O80 -> 3.5440162 | P81: =P80 -> 2.6903084
A82: N: | B82: =H80 -> 62 | C82: LIE: | D82: =OFFSET(INDEX(data!E:E,MATCH(B80,data!E:E,0)),-3,(H80-5)-(B82-1)) -> 1067.4 | E82: Deviation: | F82: =F81-D81 -> -0.96354839 | J82: =J81 -> PART02 | K82: =K81 -> Lower Sub-Assembly | L82: =L81 -> PART02_01R_Z | M82: =M81 -> Pos Z | N82: =N81 -> -0.96354839 | O82: =O81 -> 3.5440162 | P82: =P81 -> 2.6903084
A83: From: | B83: =OFFSET(INDEX(data!E:E,MATCH(B80,data!E:E,0)),-6,(H80-5)-(B82-1)) -> 46169 | C83: LSE: | D83: =OFFSET(INDEX(data!E:E,MATCH(B80,data!E:E,0)),-2,(H80-5)-(B82-1)) -> 1075.4 | E83: Cp: | F83: =(D83-D82)/(6*_xlfn.STDEV.P(OFFSET(INDEX(data!E:E,MATCH(B80,data!E:E,0)),-1,(H80-5)-(B82-1),1,B82))) -> 3.5440162 | J83: =J82 -> PART02 | K83: =K82 -> Lower Sub-Assembly | L83: =L82 -> PART02_01R_Z | M83: =M82 -> Pos Z | N83: =N82 -> -0.96354839 | O83: =O82 -> 3.5440162 | P83: =P82 -> 2.6903084
A84: To: | B84: =OFFSET(INDEX(data!E:E,MATCH(B80,data!E:E,0)),-6,H80-5) -> 46186 | C84: Last value: | D84: =OFFSET(INDEX(data!E:E,MATCH(B80,data!E:E,0)),-1,H80-5) -> 1070.49 | E84: Cpk: | F84: =MIN((D83-F81)/(3*_xlfn.STDEV.P(OFFSET(INDEX(data!E:E,MATCH(B80,data!E:E,0)),-1,(H80-5)-(B82-1),1,B82))),(F81-D82)/(3*_xlfn.STDEV.P(OFFSET(INDEX(data!E:E,MATCH(B80,data!E:E,0)),-1,(H80-5)-(B82-1),1,B82)))) -> 2.6903084 | J84: =J83 -> PART02 | K84: =K83 -> Lower Sub-Assembly | L84: =L83 -> PART02_01R_Z | M84: =M83 -> Pos Z | N84: =N83 -> -0.96354839 | O84: =O83 -> 3.5440162 | P84: =P83 -> 2.6903084
A85: Id: | B85: PART02_02R_X | C85: Description: | D85: =OFFSET(INDEX(data!E:E,MATCH(B85,data!E:E,0)),0,1) -> Lower Part Outboard Hole - Pos X | H85: =OFFSET(INDEX(data!E:E,MATCH(B85,data!E:E,0)),0,3) -> 62 | J85: =OFFSET(INDEX(data!E:E,MATCH(B85,data!E:E,0)),0,-2) -> PART02 | K85: =OFFSET(INDEX(data!E:E,MATCH(B85,data!E:E,0)),0,-1) -> Lower Sub-Assembly | L85: =B85 -> PART02_02R_X | M85: =B86 -> Pos X | N85: =F87 -> -0.49951613 | O85: =F88 -> 4.8265391 | P85: =F89 -> 4.2238055
A86: Axis: | B86: =OFFSET(INDEX(data!E:E,MATCH(B85,data!E:E,0)),0,2) -> Pos X | C86: Nominal: | D86: =OFFSET(INDEX(data!E:E,MATCH(B85,data!E:E,0)),-4,(H85-5)-(B87-1)) -> 1527.1 | E86: Average: | F86: =AVERAGE(OFFSET(INDEX(data!E:E,MATCH(B85,data!E:E,0)),-1,(H85-5)-(B87-1),1,B87)) -> 1526.6005 | J86: =J85 -> PART02 | K86: =K85 -> Lower Sub-Assembly | L86: =L85 -> PART02_02R_X | M86: =M85 -> Pos X | N86: =N85 -> -0.49951613 | O86: =O85 -> 4.8265391 | P86: =P85 -> 4.2238055
A87: N: | B87: =H85 -> 62 | C87: LIE: | D87: =OFFSET(INDEX(data!E:E,MATCH(B85,data!E:E,0)),-3,(H85-5)-(B87-1)) -> 1523.1 | E87: Deviation: | F87: =F86-D86 -> -0.49951613 | J87: =J86 -> PART02 | K87: =K86 -> Lower Sub-Assembly | L87: =L86 -> PART02_02R_X | M87: =M86 -> Pos X | N87: =N86 -> -0.49951613 | O87: =O86 -> 4.8265391 | P87: =P86 -> 4.2238055
A88: From: | B88: =OFFSET(INDEX(data!E:E,MATCH(B85,data!E:E,0)),-6,(H85-5)-(B87-1)) -> 46169 | C88: LSE: | D88: =OFFSET(INDEX(data!E:E,MATCH(B85,data!E:E,0)),-2,(H85-5)-(B87-1)) -> 1531.1 | E88: Cp: | F88: =(D88-D87)/(6*_xlfn.STDEV.P(OFFSET(INDEX(data!E:E,MATCH(B85,data!E:E,0)),-1,(H85-5)-(B87-1),1,B87))) -> 4.8265391 | J88: =J87 -> PART02 | K88: =K87 -> Lower Sub-Assembly | L88: =L87 -> PART02_02R_X | M88: =M87 -> Pos X | N88: =N87 -> -0.49951613 | O88: =O87 -> 4.8265391 | P88: =P87 -> 4.2238055
A89: To: | B89: =OFFSET(INDEX(data!E:E,MATCH(B85,data!E:E,0)),-6,H85-5) -> 46186 | C89: Last value: | D89: =OFFSET(INDEX(data!E:E,MATCH(B85,data!E:E,0)),-1,H85-5) -> 1526.58 | E89: Cpk: | F89: =MIN((D88-F86)/(3*_xlfn.STDEV.P(OFFSET(INDEX(data!E:E,MATCH(B85,data!E:E,0)),-1,(H85-5)-(B87-1),1,B87))),(F86-D87)/(3*_xlfn.STDEV.P(OFFSET(INDEX(data!E:E,MATCH(B85,data!E:E,0)),-1,(H85-5)-(B87-1),1,B87)))) -> 4.2238055 | J89: =J88 -> PART02 | K89: =K88 -> Lower Sub-Assembly | L89: =L88 -> PART02_02R_X | M89: =M88 -> Pos X | N89: =N88 -> -0.49951613 | O89: =O88 -> 4.8265391 | P89: =P88 -> 4.2238055
A90: Id: | B90: PART02_02R_Y | C90: Description: | D90: =OFFSET(INDEX(data!E:E,MATCH(B90,data!E:E,0)),0,1) -> Lower Part Outboard Hole - Pos Y | H90: =OFFSET(INDEX(data!E:E,MATCH(B90,data!E:E,0)),0,3) -> 62 | J90: =OFFSET(INDEX(data!E:E,MATCH(B90,data!E:E,0)),0,-2) -> PART02 | K90: =OFFSET(INDEX(data!E:E,MATCH(B90,data!E:E,0)),0,-1) -> Lower Sub-Assembly | L90: =B90 -> PART02_02R_Y | M90: =B91 -> Pos Y | N90: =F92 -> -0.67741935 | O90: =F93 -> 1.5900046 | P90: =F94 -> 1.3207296
A91: Axis: | B91: =OFFSET(INDEX(data!E:E,MATCH(B90,data!E:E,0)),0,2) -> Pos Y | C91: Nominal: | D91: =OFFSET(INDEX(data!E:E,MATCH(B90,data!E:E,0)),-4,(H90-5)-(B92-1)) -> 620.4 | E91: Average: | F91: =AVERAGE(OFFSET(INDEX(data!E:E,MATCH(B90,data!E:E,0)),-1,(H90-5)-(B92-1),1,B92)) -> 619.72258 | J91: =J90 -> PART02 | K91: =K90 -> Lower Sub-Assembly | L91: =L90 -> PART02_02R_Y | M91: =M90 -> Pos Y | N91: =N90 -> -0.67741935 | O91: =O90 -> 1.5900046 | P91: =P90 -> 1.3207296
A92: N: | B92: =H90 -> 62 | C92: LIE: | D92: =OFFSET(INDEX(data!E:E,MATCH(B90,data!E:E,0)),-3,(H90-5)-(B92-1)) -> 616.4 | E92: Deviation: | F92: =F91-D91 -> -0.67741935 | J92: =J91 -> PART02 | K92: =K91 -> Lower Sub-Assembly | L92: =L91 -> PART02_02R_Y | M92: =M91 -> Pos Y | N92: =N91 -> -0.67741935 | O92: =O91 -> 1.5900046 | P92: =P91 -> 1.3207296
A93: From: | B93: =OFFSET(INDEX(data!E:E,MATCH(B90,data!E:E,0)),-6,(H90-5)-(B92-1)) -> 46169 | C93: LSE: | D93: =OFFSET(INDEX(data!E:E,MATCH(B90,data!E:E,0)),-2,(H90-5)-(B92-1)) -> 624.4 | E93: Cp: | F93: =(D93-D92)/(6*_xlfn.STDEV.P(OFFSET(INDEX(data!E:E,MATCH(B90,data!E:E,0)),-1,(H90-5)-(B92-1),1,B92))) -> 1.5900046 | J93: =J92 -> PART02 | K93: =K92 -> Lower Sub-Assembly | L93: =L92 -> PART02_02R_Y | M93: =M92 -> Pos Y | N93: =N92 -> -0.67741935 | O93: =O92 -> 1.5900046 | P93: =P92 -> 1.3207296
A94: To: | B94: =OFFSET(INDEX(data!E:E,MATCH(B90,data!E:E,0)),-6,H90-5) -> 46186 | C94: Last value: | D94: =OFFSET(INDEX(data!E:E,MATCH(B90,data!E:E,0)),-1,H90-5) -> 620.45 | E94: Cpk: | F94: =MIN((D93-F91)/(3*_xlfn.STDEV.P(OFFSET(INDEX(data!E:E,MATCH(B90,data!E:E,0)),-1,(H90-5)-(B92-1),1,B92))),(F91-D92)/(3*_xlfn.STDEV.P(OFFSET(INDEX(data!E:E,MATCH(B90,data!E:E,0)),-1,(H90-5)-(B92-1),1,B92)))) -> 1.3207296 | J94: =J93 -> PART02 | K94: =K93 -> Lower Sub-Assembly | L94: =L93 -> PART02_02R_Y | M94: =M93 -> Pos Y | N94: =N93 -> -0.67741935 | O94: =O93 -> 1.5900046 | P94: =P93 -> 1.3207296
A95: Id: | B95: PART02_02R_Z | C95: Description: | D95: =OFFSET(INDEX(data!E:E,MATCH(B95,data!E:E,0)),0,1) -> Lower Part Outboard Hole - Pos Z | H95: =OFFSET(INDEX(data!E:E,MATCH(B95,data!E:E,0)),0,3) -> 62 | J95: =OFFSET(INDEX(data!E:E,MATCH(B95,data!E:E,0)),0,-2) -> PART02 | K95: =OFFSET(INDEX(data!E:E,MATCH(B95,data!E:E,0)),0,-1) -> Lower Sub-Assembly | L95: =B95 -> PART02_02R_Z | M95: =B96 -> Pos Z | N95: =F97 -> 0.53370968 | O95: =F98 -> 2.8915671 | P95: =F99 -> 2.5057528
A96: Axis: | B96: =OFFSET(INDEX(data!E:E,MATCH(B95,data!E:E,0)),0,2) -> Pos Z | C96: Nominal: | D96: =OFFSET(INDEX(data!E:E,MATCH(B95,data!E:E,0)),-4,(H95-5)-(B97-1)) -> 918 | E96: Average: | F96: =AVERAGE(OFFSET(INDEX(data!E:E,MATCH(B95,data!E:E,0)),-1,(H95-5)-(B97-1),1,B97)) -> 918.53371 | J96: =J95 -> PART02 | K96: =K95 -> Lower Sub-Assembly | L96: =L95 -> PART02_02R_Z | M96: =M95 -> Pos Z | N96: =N95 -> 0.53370968 | O96: =O95 -> 2.8915671 | P96: =P95 -> 2.5057528
A97: N: | B97: =H95 -> 62 | C97: LIE: | D97: =OFFSET(INDEX(data!E:E,MATCH(B95,data!E:E,0)),-3,(H95-5)-(B97-1)) -> 914 | E97: Deviation: | F97: =F96-D96 -> 0.53370968 | J97: =J96 -> PART02 | K97: =K96 -> Lower Sub-Assembly | L97: =L96 -> PART02_02R_Z | M97: =M96 -> Pos Z | N97: =N96 -> 0.53370968 | O97: =O96 -> 2.8915671 | P97: =P96 -> 2.5057528
A98: From: | B98: =OFFSET(INDEX(data!E:E,MATCH(B95,data!E:E,0)),-6,(H95-5)-(B97-1)) -> 46169 | C98: LSE: | D98: =OFFSET(INDEX(data!E:E,MATCH(B95,data!E:E,0)),-2,(H95-5)-(B97-1)) -> 922 | E98: Cp: | F98: =(D98-D97)/(6*_xlfn.STDEV.P(OFFSET(INDEX(data!E:E,MATCH(B95,data!E:E,0)),-1,(H95-5)-(B97-1),1,B97))) -> 2.8915671 | J98: =J97 -> PART02 | K98: =K97 -> Lower Sub-Assembly | L98: =L97 -> PART02_02R_Z | M98: =M97 -> Pos Z | N98: =N97 -> 0.53370968 | O98: =O97 -> 2.8915671 | P98: =P97 -> 2.5057528
A99: To: | B99: =OFFSET(INDEX(data!E:E,MATCH(B95,data!E:E,0)),-6,H95-5) -> 46186 | C99: Last value: | D99: =OFFSET(INDEX(data!E:E,MATCH(B95,data!E:E,0)),-1,H95-5) -> 918.86 | E99: Cpk: | F99: =MIN((D98-F96)/(3*_xlfn.STDEV.P(OFFSET(INDEX(data!E:E,MATCH(B95,data!E:E,0)),-1,(H95-5)-(B97-1),1,B97))),(F96-D97)/(3*_xlfn.STDEV.P(OFFSET(INDEX(data!E:E,MATCH(B95,data!E:E,0)),-1,(H95-5)-(B97-1),1,B97)))) -> 2.5057528 | J99: =J98 -> PART02 | K99: =K98 -> Lower Sub-Assembly | L99: =L98 -> PART02_02R_Z | M99: =M98 -> Pos Z | N99: =N98 -> 0.53370968 | O99: =O98 -> 2.8915671 | P99: =P98 -> 2.5057528
A100: Id: | B100: PART02_P1_Y | C100: Description: | D100: =OFFSET(INDEX(data!E:E,MATCH(B100,data!E:E,0)),0,1) -> Lower Part - Inboard vs Outboard Holes - W-Pitch | H100: =OFFSET(INDEX(data!E:E,MATCH(B100,data!E:E,0)),0,3) -> 62 | J100: =OFFSET(INDEX(data!E:E,MATCH(B100,data!E:E,0)),0,-2) -> PART02 | K100: =OFFSET(INDEX(data!E:E,MATCH(B100,data!E:E,0)),0,-1) -> Lower Sub-Assembly | L100: =B100 -> PART02_P1_Y | M100: =B101 -> Dist Y | N100: =F102 -> 1.2716129 | O100: =F103 -> 1.9102263 | P100: =F104 -> 1.3029592
A101: Axis: | B101: =OFFSET(INDEX(data!E:E,MATCH(B100,data!E:E,0)),0,2) -> Dist Y | C101: Nominal: | D101: =OFFSET(INDEX(data!E:E,MATCH(B100,data!E:E,0)),-4,(H100-5)-(B102-1)) -> 919.2 | E101: Average: | F101: =AVERAGE(OFFSET(INDEX(data!E:E,MATCH(B100,data!E:E,0)),-1,(H100-5)-(B102-1),1,B102)) -> 920.47161 | J101: =J100 -> PART02 | K101: =K100 -> Lower Sub-Assembly | L101: =L100 -> PART02_P1_Y | M101: =M100 -> Dist Y | N101: =N100 -> 1.2716129 | O101: =O100 -> 1.9102263 | P101: =P100 -> 1.3029592
...

Sheet data
A1: 15/06/2026 | B1: 0.50347222
A2: 46169 | B2: 46169 | C2: 46169 | D2: 46169 | E2: 46170 | F2: 46170 | G2: 46171 | H2: 46171 | I2: 46171 | J2: 46171 | K2: 46172 | L2: 46172 | M2: 46172 | N2: 46174 | O2: 46174 | P2: 46174 | Q2: 46174 | R2: 46175 | S2: 46175 | T2: 46175 | U2: 46176 | V2: 46176 | W2: 46176 | X2: 46176 | Y2: 46176 | Z2: 46176 | AA2: 46176 | AB2: 46177 | AC2: 46178 | AD2: 46178 | AE2: 46178 | AF2: 46179 | AG2: 46180 | AH2: 46180 | AI2: 46180 | AJ2: 46180 | AK2: 46181 | AL2: 46181 | AM2: 46181 | AN2: 46181 | AO2: 46181 | AP2: 46182 | AQ2: 46182 | AR2: 46182 | AS2: 46182 | AT2: 46182 | AU2: 46183 | AV2: 46183 | AW2: 46183 | AX2: 46183 | AY2: 46183 | AZ2: 46184 | BA2: 46184 | BB2: 46184 | BC2: 46184 | BD2: 46184 | BE2: 46185 | BF2: 46185 | BG2: 46185 | BH2: 46185 | BI2: 46186 | BJ2: 46186
A3: 816948 | B3: 816987 | C3: 816998 | D3: 817092 | E3: 817353 | F3: 817441 | G3: 817773 | H3: 817861 | I3: 817943 | J3: 817985 | K3: 818214 | L3: 818254 | M3: 818291 | N3: 818439 | O3: 818580 | P3: 818627 | Q3: 818667 | R3: 818839 | S3: 818934 | T3: 819019 | U3: 819103 | V3: 819271 | W3: 819315 | X3: 819370 | Y3: 819445 | Z3: 819491 | AA3: 819533 | AB3: 819706 | AC3: 819995 | AD3: 820041 | AE3: 820088 | AF3: 820271 | AG3: 820495 | AH3: 820568 | AI3: 820630 | AJ3: 820670 | AK3: 820873 | AL3: 820921 | AM3: 820957 | AN3: 821024 | AO3: 821060 | AP3: 821288 | AQ3: 821319 | AR3: 821356 | AS3: 821451 | AT3: 821500 | AU3: 821710 | AV3: 821754 | AW3: 821805 | AX3: 821885 | AY3: 821931 | AZ3: 822143 | BA3: 822185 | BB3: 822236 | BC3: 822306 | BD3: 822352 | BE3: 822558 | BF3: 822647 | BG3: 822737 | BH3: 822777 | BI3: 823003 | BJ3: 823082
A4: 226.2 | B4: 226.2 | C4: 226.2 | D4: 226.2 | E4: 226.2 | F4: 226.2 | G4: 226.2 | H4: 226.2 | I4: 226.2 | J4: 226.2 | K4: 226.2 | L4: 226.2 | M4: 226.2 | N4: 226.2 | O4: 226.2 | P4: 226.2 | Q4: 226.2 | R4: 226.2 | S4: 226.2 | T4: 226.2 | U4: 226.2 | V4: 226.2 | W4: 226.2 | X4: 226.2 | Y4: 226.2 | Z4: 226.2 | AA4: 226.2 | AB4: 226.2 | AC4: 226.2 | AD4: 226.2 | AE4: 226.2 | AF4: 226.2 | AG4: 226.2 | AH4: 226.2 | AI4: 226.2 | AJ4: 226.2 | AK4: 226.2 | AL4: 226.2 | AM4: 226.2 | AN4: 226.2 | AO4: 226.2 | AP4: 226.2 | AQ4: 226.2 | AR4: 226.2 | AS4: 226.2 | AT4: 226.2 | AU4: 226.2 | AV4: 226.2 | AW4: 226.2 | AX4: 226.2 | AY4: 226.2 | AZ4: 226.2 | BA4: 226.2 | BB4: 226.2 | BC4: 226.2 | BD4: 226.2 | BE4: 226.2 | BF4: 226.2 | BG4: 226.2 | BH4: 226.2 | BI4: 226.2 | BJ4: 226.2
A5: 223.2 | B5: 223.2 | C5: 223.2 | D5: 223.2 | E5: 223.2 | F5: 223.2 | G5: 223.2 | H5: 223.2 | I5: 223.2 | J5: 223.2 | K5: 223.2 | L5: 223.2 | M5: 223.2 | N5: 223.2 | O5: 223.2 | P5: 223.2 | Q5: 223.2 | R5: 223.2 | S5: 223.2 | T5: 223.2 | U5: 223.2 | V5: 223.2 | W5: 223.2 | X5: 223.2 | Y5: 223.2 | Z5: 223.2 | AA5: 223.2 | AB5: 223.2 | AC5: 223.2 | AD5: 223.2 | AE5: 223.2 | AF5: 223.2 | AG5: 223.2 | AH5: 223.2 | AI5: 223.2 | AJ5: 223.2 | AK5: 223.2 | AL5: 223.2 | AM5: 223.2 | AN5: 223.2 | AO5: 223.2 | AP5: 223.2 | AQ5: 223.2 | AR5: 223.2 | AS5: 223.2 | AT5: 223.2 | AU5: 223.2 | AV5: 223.2 | AW5: 223.2 | AX5: 223.2 | AY5: 223.2 | AZ5: 223.2 | BA5: 223.2 | BB5: 223.2 | BC5: 223.2 | BD5: 223.2 | BE5: 223.2 | BF5: 223.2 | BG5: 223.2 | BH5: 223.2 | BI5: 223.2 | BJ5: 223.2
A6: 229.2 | B6: 229.2 | C6: 229.2 | D6: 229.2 | E6: 229.2 | F6: 229.2 | G6: 229.2 | H6: 229.2 | I6: 229.2 | J6: 229.2 | K6: 229.2 | L6: 229.2 | M6: 229.2 | N6: 229.2 | O6: 229.2 | P6: 229.2 | Q6: 229.2 | R6: 229.2 | S6: 229.2 | T6: 229.2 | U6: 229.2 | V6: 229.2 | W6: 229.2 | X6: 229.2 | Y6: 229.2 | Z6: 229.2 | AA6: 229.2 | AB6: 229.2 | AC6: 229.2 | AD6: 229.2 | AE6: 229.2 | AF6: 229.2 | AG6: 229.2 | AH6: 229.2 | AI6: 229.2 | AJ6: 229.2 | AK6: 229.2 | AL6: 229.2 | AM6: 229.2 | AN6: 229.2 | AO6: 229.2 | AP6: 229.2 | AQ6: 229.2 | AR6: 229.2 | AS6: 229.2 | AT6: 229.2 | AU6: 229.2 | AV6: 229.2 | AW6: 229.2 | AX6: 229.2 | AY6: 229.2 | AZ6: 229.2 | BA6: 229.2 | BB6: 229.2 | BC6: 229.2 | BD6: 229.2 | BE6: 229.2 | BF6: 229.2 | BG6: 229.2 | BH6: 229.2 | BI6: 229.2 | BJ6: 229.2
A7: 226.02 | B7: 227.21 | C7: 227.46 | D7: 227.7 | E7: 226.5 | F7: 227 | G7: 226.7 | H7: 226 | I7: 226.5 | J7: 227.44 | K7: 226.8 | L7: 227.06 | M7: 226.43 | N7: 227.24 | O7: 227.23 | P7: 227.47 | Q7: 226.74 | R7: 227.59 | S7: 227.7 | T7: 227.2 | U7: 226.8 | V7: 227.63 | W7: 227.2 | X7: 227.2 | Y7: 227.3 | Z7: 227.6 | AA7: 227.2 | AB7: 226.95 | AC7: 225.6 | AD7: 227.36 | AE7: 227.37 | AF7: 226.88 | AG7: 226.15 | AH7: 226.36 | AI7: 226.6 | AJ7: 226.6 | AK7: 227.38 | AL7: 227.08 | AM7: 226.53 | AN7: 226.39 | AO7: 227.43 | AP7: 226.29 | AQ7: 227.21 | AR7: 227.35 | AS7: 227.29 | AT7: 227.22 | AU7: 226.52 | AV7: 227.16 | AW7: 227.08 | AX7: 227.46 | AY7: 227.17 | AZ7: 226.42 | BA7: 227.07 | BB7: 226.99 | BC7: 227.01 | BD7: 226.75 | BE7: 226.66 | BF7: 226.84 | BG7: 226.43 | BH7: 226.71 | BI7: 227.62 | BJ7: 227
A8: PART_CEP_REP | B8: Part Model N - Cep Report | C8: PART01 | D8: Upper Sub-Assembly | E8: PART01_01L_X | F8: Upper Part Inboard LH Hole - Pos X | G8: Pos X | H8: 62
A9: 46169 | B9: 46169 | C9: 46169 | D9: 46169 | E9: 46170 | F9: 46170 | G9: 46171 | H9: 46171 | I9: 46171 | J9: 46171 | K9: 46172 | L9: 46172 | M9: 46172 | N9: 46174 | O9: 46174 | P9: 46174 | Q9: 46174 | R9: 46175 | S9: 46175 | T9: 46175 | U9: 46176 | V9: 46176 | W9: 46176 | X9: 46176 | Y9: 46176 | Z9: 46176 | AA9: 46176 | AB9: 46177 | AC9: 46178 | AD9: 46178 | AE9: 46178 | AF9: 46179 | AG9: 46180 | AH9: 46180 | AI9: 46180 | AJ9: 46180 | AK9: 46181 | AL9: 46181 | AM9: 46181 | AN9: 46181 | AO9: 46181 | AP9: 46182 | AQ9: 46182 | AR9: 46182 | AS9: 46182 | AT9: 46182 | AU9: 46183 | AV9: 46183 | AW9: 46183 | AX9: 46183 | AY9: 46183 | AZ9: 46184 | BA9: 46184 | BB9: 46184 | BC9: 46184 | BD9: 46184 | BE9: 46185 | BF9: 46185 | BG9: 46185 | BH9: 46185 | BI9: 46186 | BJ9: 46186
A10: 816948 | B10: 816987 | C10: 816998 | D10: 817092 | E10: 817353 | F10: 817441 | G10: 817773 | H10: 817861 | I10: 817943 | J10: 817985 | K10: 818214 | L10: 818254 | M10: 818291 | N10: 818439 | O10: 818580 | P10: 818627 | Q10: 818667 | R10: 818839 | S10: 818934 | T10: 819019 | U10: 819103 | V10: 819271 | W10: 819315 | X10: 819370 | Y10: 819445 | Z10: 819491 | AA10: 819533 | AB10: 819706 | AC10: 819995 | AD10: 820041 | AE10: 820088 | AF10: 820271 | AG10: 820495 | AH10: 820568 | AI10: 820630 | AJ10: 820670 | AK10: 820873 | AL10: 820921 | AM10: 820957 | AN10: 821024 | AO10: 821060 | AP10: 821288 | AQ10: 821319 | AR10: 821356 | AS10: 821451 | AT10: 821500 | AU10: 821710 | AV10: 821754 | AW10: 821805 | AX10: 821885 | AY10: 821931 | AZ10: 822143 | BA10: 822185 | BB10: 822236 | BC10: 822306 | BD10: 822352 | BE10: 822558 | BF10: 822647 | BG10: 822737 | BH10: 822777 | BI10: 823003 | BJ10: 823082
A11: -326 | B11: -326 | C11: -326 | D11: -326 | E11: -326 | F11: -326 | G11: -326 | H11: -326 | I11: -326 | J11: -326 | K11: -326 | L11: -326 | M11: -326 | N11: -326 | O11: -326 | P11: -326 | Q11: -326 | R11: -326 | S11: -326 | T11: -326 | U11: -326 | V11: -326 | W11: -326 | X11: -326 | Y11: -326 | Z11: -326 | AA11: -326 | AB11: -326 | AC11: -326 | AD11: -326 | AE11: -326 | AF11: -326 | AG11: -326 | AH11: -326 | AI11: -326 | AJ11: -326 | AK11: -326 | AL11: -326 | AM11: -326 | AN11: -326 | AO11: -326 | AP11: -326 | AQ11: -326 | AR11: -326 | AS11: -326 | AT11: -326 | AU11: -326 | AV11: -326 | AW11: -326 | AX11: -326 | AY11: -326 | AZ11: -326 | BA11: -326 | BB11: -326 | BC11: -326 | BD11: -326 | BE11: -326 | BF11: -326 | BG11: -326 | BH11: -326 | BI11: -326 | BJ11: -326
A12: -329 | B12: -329 | C12: -329 | D12: -329 | E12: -329 | F12: -329 | G12: -329 | H12: -329 | I12: -329 | J12: -329 | K12: -329 | L12: -329 | M12: -329 | N12: -329 | O12: -329 | P12: -329 | Q12: -329 | R12: -329 | S12: -329 | T12: -329 | U12: -329 | V12: -329 | W12: -329 | X12: -329 | Y12: -329 | Z12: -329 | AA12: -329 | AB12: -329 | AC12: -329 | AD12: -329 | AE12: -329 | AF12: -329 | AG12: -329 | AH12: -329 | AI12: -329 | AJ12: -329 | AK12: -329 | AL12: -329 | AM12: -329 | AN12: -329 | AO12: -329 | AP12: -329 | AQ12: -329 | AR12: -329 | AS12: -329 | AT12: -329 | AU12: -329 | AV12: -329 | AW12: -329 | AX12: -329 | AY12: -329 | AZ12: -329 | BA12: -329 | BB12: -329 | BC12: -329 | BD12: -329 | BE12: -329 | BF12: -329 | BG12: -329 | BH12: -329 | BI12: -329 | BJ12: -329
A13: -323 | B13: -323 | C13: -323 | D13: -323 | E13: -323 | F13: -323 | G13: -323 | H13: -323 | I13: -323 | J13: -323 | K13: -323 | L13: -323 | M13: -323 | N13: -323 | O13: -323 | P13: -323 | Q13: -323 | R13: -323 | S13: -323 | T13: -323 | U13: -323 | V13: -323 | W13: -323 | X13: -323 | Y13: -323 | Z13: -323 | AA13: -323 | AB13: -323 | AC13: -323 | AD13: -323 | AE13: -323 | AF13: -323 | AG13: -323 | AH13: -323 | AI13: -323 | AJ13: -323 | AK13: -323 | AL13: -323 | AM13: -323 | AN13: -323 | AO13: -323 | AP13: -323 | AQ13: -323 | AR13: -323 | AS13: -323 | AT13: -323 | AU13: -323 | AV13: -323 | AW13: -323 | AX13: -323 | AY13: -323 | AZ13: -323 | BA13: -323 | BB13: -323 | BC13: -323 | BD13: -323 | BE13: -323 | BF13: -323 | BG13: -323 | BH13: -323 | BI13: -323 | BJ13: -323
A14: -327.92 | B14: -327.13 | C14: -327.52 | D14: -326.6 | E14: -327.3 | F14: -327.5 | G14: -327 | H14: -327.9 | I14: -327.2 | J14: -327.37 | K14: -327.4 | L14: -327.59 | M14: -326.39 | N14: -327.58 | O14: -327.93 | P14: -327.49 | Q14: -328.24 | R14: -327.44 | S14: -327.7 | T14: -327.5 | U14: -329.2 | V14: -327.02 | W14: -328.2 | X14: -329 | Y14: -328.6 | Z14: -327.23 | AA14: -327.98 | AB14: -327.53 | AC14: -329.15 | AD14: -328.47 | AE14: -328.21 | AF14: -327.79 | AG14: -328.25 | AH14: -328.45 | AI14: -327 | AJ14: -328.52 | AK14: -328.44 | AL14: -326.79 | AM14: -326.79 | AN14: -326.85 | AO14: -327.08 | AP14: -327.17 | AQ14: -327.26 | AR14: -327.69 | AS14: -327.57 | AT14: -327.57 | AU14: -327.52 | AV14: -327.01 | AW14: -327.53 | AX14: -327.56 | AY14: -326.85 | AZ14: -327.99 | BA14: -327.18 | BB14: -328.16 | BC14: -327.71 | BD14: -327.96 | BE14: -328.22 | BF14: -328.45 | BG14: -328.02 | BH14: -328.84 | BI14: -328.19 | BJ14: -327.89
A15: PART_CEP_REP | B15: Part Model N - Cep Report | C15: PART01 | D15: Upper Sub-Assembly | E15: PART01_01L_Y | F15: Upper Part Inboard LH Hole - Pos Y | G15: Pos Y | H15: 62
A16: 46169 | B16: 46169 | C16: 46169 | D16: 46169 | E16: 46170 | F16: 46170 | G16: 46171 | H16: 46171 | I16: 46171 | J16: 46171 | K16: 46172 | L16: 46172 | M16: 46172 | N16: 46174 | O16: 46174 | P16: 46174 | Q16: 46174 | R16: 46175 | S16: 46175 | T16: 46175 | U16: 46176 | V16: 46176 | W16: 46176 | X16: 46176 | Y16: 46176 | Z16: 46176 | AA16: 46176 | AB16: 46177 | AC16: 46178 | AD16: 46178 | AE16: 46178 | AF16: 46179 | AG16: 46180 | AH16: 46180 | AI16: 46180 | AJ16: 46180 | AK16: 46181 | AL16: 46181 | AM16: 46181 | AN16: 46181 | AO16: 46181 | AP16: 46182 | AQ16: 46182 | AR16: 46182 | AS16: 46182 | AT16: 46182 | AU16: 46183 | AV16: 46183 | AW16: 46183 | AX16: 46183 | AY16: 46183 | AZ16: 46184 | BA16: 46184 | BB16: 46184 | BC16: 46184 | BD16: 46184 | BE16: 46185 | BF16: 46185 | BG16: 46185 | BH16: 46185 | BI16: 46186 | BJ16: 46186
A17: 816948 | B17: 816987 | C17: 816998 | D17: 817092 | E17: 817353 | F17: 817441 | G17: 817773 | H17: 817861 | I17: 817943 | J17: 817985 | K17: 818214 | L17: 818254 | M17: 818291 | N17: 818439 | O17: 818580 | P17: 818627 | Q17: 818667 | R17: 818839 | S17: 818934 | T17: 819019 | U17: 819103 | V17: 819271 | W17: 819315 | X17: 819370 | Y17: 819445 | Z17: 819491 | AA17: 819533 | AB17: 819706 | AC17: 819995 | AD17: 820041 | AE17: 820088 | AF17: 820271 | AG17: 820495 | AH17: 820568 | AI17: 820630 | AJ17: 820670 | AK17: 820873 | AL17: 820921 | AM17: 820957 | AN17: 821024 | AO17: 821060 | AP17: 821288 | AQ17: 821319 | AR17: 821356 | AS17: 821451 | AT17: 821500 | AU17: 821710 | AV17: 821754 | AW17: 821805 | AX17: 821885 | AY17: 821931 | AZ17: 822143 | BA17: 822185 | BB17: 822236 | BC17: 822306 | BD17: 822352 | BE17: 822558 | BF17: 822647 | BG17: 822737 | BH17: 822777 | BI17: 823003 | BJ17: 823082
A18: 990.2 | B18: 990.2 | C18: 990.2 | D18: 990.2 | E18: 990.2 | F18: 990.2 | G18: 990.2 | H18: 990.2 | I18: 990.2 | J18: 990.2 | K18: 990.2 | L18: 990.2 | M18: 990.2 | N18: 990.2 | O18: 990.2 | P18: 990.2 | Q18: 990.2 | R18: 990.2 | S18: 990.2 | T18: 990.2 | U18: 990.2 | V18: 990.2 | W18: 990.2 | X18: 990.2 | Y18: 990.2 | Z18: 990.2 | AA18: 990.2 | AB18: 990.2 | AC18: 990.2 | AD18: 990.2 | AE18: 990.2 | AF18: 990.2 | AG18: 990.2 | AH18: 990.2 | AI18: 990.2 | AJ18: 990.2 | AK18: 990.2 | AL18: 990.2 | AM18: 990.2 | AN18: 990.2 | AO18: 990.2 | AP18: 990.2 | AQ18: 990.2 | AR18: 990.2 | AS18: 990.2 | AT18: 990.2 | AU18: 990.2 | AV18: 990.2 | AW18: 990.2 | AX18: 990.2 | AY18: 990.2 | AZ18: 990.2 | BA18: 990.2 | BB18: 990.2 | BC18: 990.2 | BD18: 990.2 | BE18: 990.2 | BF18: 990.2 | BG18: 990.2 | BH18: 990.2 | BI18: 990.2 | BJ18: 990.2
A19: 987.2 | B19: 987.2 | C19: 987.2 | D19: 987.2 | E19: 987.2 | F19: 987.2 | G19: 987.2 | H19: 987.2 | I19: 987.2 | J19: 987.2 | K19: 987.2 | L19: 987.2 | M19: 987.2 | N19: 987.2 | O19: 987.2 | P19: 987.2 | Q19: 987.2 | R19: 987.2 | S19: 987.2 | T19: 987.2 | U19: 987.2 | V19: 987.2 | W19: 987.2 | X19: 987.2 | Y19: 987.2 | Z19: 987.2 | AA19: 987.2 | AB19: 987.2 | AC19: 987.2 | AD19: 987.2 | AE19: 987.2 | AF19: 987.2 | AG19: 987.2 | AH19: 987.2 | AI19: 987.2 | AJ19: 987.2 | AK19: 987.2 | AL19: 987.2 | AM19: 987.2 | AN19: 987.2 | AO19: 987.2 | AP19: 987.2 | AQ19: 987.2 | AR19: 987.2 | AS19: 987.2 | AT19: 987.2 | AU19: 987.2 | AV19: 987.2 | AW19: 987.2 | AX19: 987.2 | AY19: 987.2 | AZ19: 987.2 | BA19: 987.2 | BB19: 987.2 | BC19: 987.2 | BD19: 987.2 | BE19: 987.2 | BF19: 987.2 | BG19: 987.2 | BH19: 987.2 | BI19: 987.2 | BJ19: 987.2
A20: 993.2 | B20: 993.2 | C20: 993.2 | D20: 993.2 | E20: 993.2 | F20: 993.2 | G20: 993.2 | H20: 993.2 | I20: 993.2 | J20: 993.2 | K20: 993.2 | L20: 993.2 | M20: 993.2 | N20: 993.2 | O20: 993.2 | P20: 993.2 | Q20: 993.2 | R20: 993.2 | S20: 993.2 | T20: 993.2 | U20: 993.2 | V20: 993.2 | W20: 993.2 | X20: 993.2 | Y20: 993.2 | Z20: 993.2 | AA20: 993.2 | AB20: 993.2 | AC20: 993.2 | AD20: 993.2 | AE20: 993.2 | AF20: 993.2 | AG20: 993.2 | AH20: 993.2 | AI20: 993.2 | AJ20: 993.2 | AK20: 993.2 | AL20: 993.2 | AM20: 993.2 | AN20: 993.2 | AO20: 993.2 | AP20: 993.2 | AQ20: 993.2 | AR20: 993.2 | AS20: 993.2 | AT20: 993.2 | AU20: 993.2 | AV20: 993.2 | AW20: 993.2 | AX20: 993.2 | AY20: 993.2 | AZ20: 993.2 | BA20: 993.2 | BB20: 993.2 | BC20: 993.2 | BD20: 993.2 | BE20: 993.2 | BF20: 993.2 | BG20: 993.2 | BH20: 993.2 | BI20: 993.2 | BJ20: 993.2
A21: 989.14 | B21: 989.95 | C21: 989.61 | D21: 990 | E21: 989.8 | F21: 990.3 | G21: 990.2 | H21: 989.8 | I21: 989.9 | J21: 989.98 | K21: 989.87 | L21: 989.86 | M21: 990.49 | N21: 989.97 | O21: 989.71 | P21: 989.97 | Q21: 989.18 | R21: 989.75 | S21: 989.8 | T21: 989.9 | U21: 989.4 | V21: 990 | W21: 989.6 | X21: 989.8 | Y21: 990.4 | Z21: 989.97 | AA21: 990.28 | AB21: 989.57 | AC21: 989.34 | AD21: 989.67 | AE21: 990 | AF21: 989.66 | AG21: 989.47 | AH21: 989.51 | AI21: 990.2 | AJ21: 989.12 | AK21: 989.85 | AL21: 990.24 | AM21: 989.87 | AN21: 989.55 | AO21: 989.99 | AP21: 989.72 | AQ21: 990.13 | AR21: 989.8 | AS21: 989.57 | AT21: 989.9 | AU21: 989.7 | AV21: 990.12 | AW21: 989.59 | AX21: 989.53 | AY21: 990.6 | AZ21: 989.3 | BA21: 990.23 | BB21: 989.59 | BC21: 989.37 | BD21: 989.41 | BE21: 989.71 | BF21: 989.51 | BG21: 989.26 | BH21: 989.33 | BI21: 989.03 | BJ21: 989.09
A22: PART_CEP_REP | B22: Part Model N - Cep Report | C22: PART01 | D22: Upper Sub-Assembly | E22: PART01_01L_Z | F22: Upper Part Inboard LH Hole - Pos Z | G22: Pos Z | H22: 62
A23: 46169 | B23: 46169 | C23: 46169 | D23: 46169 | E23: 46170 | F23: 46170 | G23: 46171 | H23: 46171 | I23: 46171 | J23: 46171 | K23: 46172 | L23: 46172 | M23: 46172 | N23: 46174 | O23: 46174 | P23: 46174 | Q23: 46174 | R23: 46175 | S23: 46175 | T23: 46175 | U23: 46176 | V23: 46176 | W23: 46176 | X23: 46176 | Y23: 46176 | Z23: 46176 | AA23: 46176 | AB23: 46177 | AC23: 46178 | AD23: 46178 | AE23: 46178 | AF23: 46179 | AG23: 46180 | AH23: 46180 | AI23: 46180 | AJ23: 46180 | AK23: 46181 | AL23: 46181 | AM23: 46181 | AN23: 46181 | AO23: 46181 | AP23: 46182 | AQ23: 46182 | AR23: 46182 | AS23: 46182 | AT23: 46182 | AU23: 46183 | AV23: 46183 | AW23: 46183 | AX23: 46183 | AY23: 46183 | AZ23: 46184 | BA23: 46184 | BB23: 46184 | BC23: 46184 | BD23: 46184 | BE23: 46185 | BF23: 46185 | BG23: 46185 | BH23: 46185 | BI23: 46186 | BJ23: 46186
A24: 816948 | B24: 816987 | C24: 816998 | D24: 817092 | E24: 817353 | F24: 817441 | G24: 817773 | H24: 817861 | I24: 817943 | J24: 817985 | K24: 818214 | L24: 818254 | M24: 818291 | N24: 818439 | O24: 818580 | P24: 818627 | Q24: 818667 | R24: 818839 | S24: 818934 | T24: 819019 | U24: 819103 | V24: 819271 | W24: 819315 | X24: 819370 | Y24: 819445 | Z24: 819491 | AA24: 819533 | AB24: 819706 | AC24: 819995 | AD24: 820041 | AE24: 820088 | AF24: 820271 | AG24: 820495 | AH24: 820568 | AI24: 820630 | AJ24: 820670 | AK24: 820873 | AL24: 820921 | AM24: 820957 | AN24: 821024 | AO24: 821060 | AP24: 821288 | AQ24: 821319 | AR24: 821356 | AS24: 821451 | AT24: 821500 | AU24: 821710 | AV24: 821754 | AW24: 821805 | AX24: 821885 | AY24: 821931 | AZ24: 822143 | BA24: 822185 | BB24: 822236 | BC24: 822306 | BD24: 822352 | BE24: 822558 | BF24: 822647 | BG24: 822737 | BH24: 822777 | BI24: 823003 | BJ24: 823082
A25: 226.2 | B25: 226.2 | C25: 226.2 | D25: 226.2 | E25: 226.2 | F25: 226.2 | G25: 226.2 | H25: 226.2 | I25: 226.2 | J25: 226.2 | K25: 226.2 | L25: 226.2 | M25: 226.2 | N25: 226.2 | O25: 226.2 | P25: 226.2 | Q25: 226.2 | R25: 226.2 | S25: 226.2 | T25: 226.2 | U25: 226.2 | V25: 226.2 | W25: 226.2 | X25: 226.2 | Y25: 226.2 | Z25: 226.2 | AA25: 226.2 | AB25: 226.2 | AC25: 226.2 | AD25: 226.2 | AE25: 226.2 | AF25: 226.2 | AG25: 226.2 | AH25: 226.2 | AI25: 226.2 | AJ25: 226.2 | AK25: 226.2 | AL25: 226.2 | AM25: 226.2 | AN25: 226.2 | AO25: 226.2 | AP25: 226.2 | AQ25: 226.2 | AR25: 226.2 | AS25: 226.2 | AT25: 226.2 | AU25: 226.2 | AV25: 226.2 | AW25: 226.2 | AX25: 226.2 | AY25: 226.2 | AZ25: 226.2 | BA25: 226.2 | BB25: 226.2 | BC25: 226.2 | BD25: 226.2 | BE25: 226.2 | BF25: 226.2 | BG25: 226.2 | BH25: 226.2 | BI25: 226.2 | BJ25: 226.2
A26: 223.2 | B26: 223.2 | C26: 223.2 | D26: 223.2 | E26: 223.2 | F26: 223.2 | G26: 223.2 | H26: 223.2 | I26: 223.2 | J26: 223.2 | K26: 223.2 | L26: 223.2 | M26: 223.2 | N26: 223.2 | O26: 223.2 | P26: 223.2 | Q26: 223.2 | R26: 223.2 | S26: 223.2 | T26: 223.2 | U26: 223.2 | V26: 223.2 | W26: 223.2 | X26: 223.2 | Y26: 223.2 | Z26: 223.2 | AA26: 223.2 | AB26: 223.2 | AC26: 223.2 | AD26: 223.2 | AE26: 223.2 | AF26: 223.2 | AG26: 223.2 | AH26: 223.2 | AI26: 223.2 | AJ26: 223.2 | AK26: 223.2 | AL26: 223.2 | AM26: 223.2 | AN26: 223.2 | AO26: 223.2 | AP26: 223.2 | AQ26: 223.2 | AR26: 223.2 | AS26: 223.2 | AT26: 223.2 | AU26: 223.2 | AV26: 223.2 | AW26: 223.2 | AX26: 223.2 | AY26: 223.2 | AZ26: 223.2 | BA26: 223.2 | BB26: 223.2 | BC26: 223.2 | BD26: 223.2 | BE26: 223.2 | BF26: 223.2 | BG26: 223.2 | BH26: 223.2 | BI26: 223.2 | BJ26: 223.2
A27: 229.2 | B27: 229.2 | C27: 229.2 | D27: 229.2 | E27: 229.2 | F27: 229.2 | G27: 229.2 | H27: 229.2 | I27: 229.2 | J27: 229.2 | K27: 229.2 | L27: 229.2 | M27: 229.2 | N27: 229.2 | O27: 229.2 | P27: 229.2 | Q27: 229.2 | R27: 229.2 | S27: 229.2 | T27: 229.2 | U27: 229.2 | V27: 229.2 | W27: 229.2 | X27: 229.2 | Y27: 229.2 | Z27: 229.2 | AA27: 229.2 | AB27: 229.2 | AC27: 229.2 | AD27: 229.2 | AE27: 229.2 | AF27: 229.2 | AG27: 229.2 | AH27: 229.2 | AI27: 229.2 | AJ27: 229.2 | AK27: 229.2 | AL27: 229.2 | AM27: 229.2 | AN27: 229.2 | AO27: 229.2 | AP27: 229.2 | AQ27: 229.2 | AR27: 229.2 | AS27: 229.2 | AT27: 229.2 | AU27: 229.2 | AV27: 229.2 | AW27: 229.2 | AX27: 229.2 | AY27: 229.2 | AZ27: 229.2 | BA27: 229.2 | BB27: 229.2 | BC27: 229.2 | BD27: 229.2 | BE27: 229.2 | BF27: 229.2 | BG27: 229.2 | BH27: 229.2 | BI27: 229.2 | BJ27: 229.2
A28: 225.94 | B28: 226.49 | C28: 226.41 | D28: 226.7 | E28: 226.3 | F28: 227.2 | G28: 226.1 | H28: 227.8 | I28: 227.8 | J28: 227.24 | K28: 226.15 | L28: 227.81 | M28: 227.1 | N28: 226.61 | O28: 226.48 | P28: 226.9 | Q28: 226.54 | R28: 226.12 | S28: 226.7 | T28: 226.9 | U28: 227 | V28: 225.38 | W28: 227.4 | X28: 226.2 | Y28: 226.9 | Z28: 227.18 | AA28: 226.75 | AB28: 225.68 | AC28: 226.95 | AD28: 227.18 | AE28: 227.2 | AF28: 226.32 | AG28: 227.29 | AH28: 227.17 | AI28: 227.3 | AJ28: 227.84 | AK28: 226.27 | AL28: 226.44 | AM28: 226.54 | AN28: 226.75 | AO28: 226.19 | AP28: 226.74 | AQ28: 226.97 | AR28: 227.51 | AS28: 227.44 | AT28: 227.1 | AU28: 226.53 | AV28: 227.31 | AW28: 227.08 | AX28: 227.47 | AY28: 227.25 | AZ28: 227.04 | BA28: 227.77 | BB28: 226.93 | BC28: 227.93 | BD28: 227.85 | BE28: 226.42 | BF28: 227.4 | BG28: 227.75 | BH28: 227.06 | BI28: 225.91 | BJ28: 226.98
A29: PART_CEP_REP | B29: Part Model N - Cep Report | C29: PART01 | D29: Upper Sub-Assembly | E29: PART01_01R_X | F29: Upper Part Inboard RH Hole - Pos X | G29: Pos X | H29: 62
A30: 46169 | B30: 46169 | C30: 46169 | D30: 46169 | E30: 46170 | F30: 46170 | G30: 46171 | H30: 46171 | I30: 46171 | J30: 46171 | K30: 46172 | L30: 46172 | M30: 46172 | N30: 46174 | O30: 46174 | P30: 46174 | Q30: 46174 | R30: 46175 | S30: 46175 | T30: 46175 | U30: 46176 | V30: 46176 | W30: 46176 | X30: 46176 | Y30: 46176 | Z30: 46176 | AA30: 46176 | AB30: 46177 | AC30: 46178 | AD30: 46178 | AE30: 46178 | AF30: 46179 | AG30: 46180 | AH30: 46180 | AI30: 46180 | AJ30: 46180 | AK30: 46181 | AL30: 46181 | AM30: 46181 | AN30: 46181 | AO30: 46181 | AP30: 46182 | AQ30: 46182 | AR30: 46182 | AS30: 46182 | AT30: 46182 | AU30: 46183 | AV30: 46183 | AW30: 46183 | AX30: 46183 | AY30: 46183 | AZ30: 46184 | BA30: 46184 | BB30: 46184 | BC30: 46184 | BD30: 46184 | BE30: 46185 | BF30: 46185 | BG30: 46185 | BH30: 46185 | BI30: 46186 | BJ30: 46186
A31: 816948 | B31: 816987 | C31: 816998 | D31: 817092 | E31: 817353 | F31: 817441 | G31: 817773 | H31: 817861 | I31: 817943 | J31: 817985 | K31: 818214 | L31: 818254 | M31: 818291 | N31: 818439 | O31: 818580 | P31: 818627 | Q31: 818667 | R31: 818839 | S31: 818934 | T31: 819019 | U31: 819103 | V31: 819271 | W31: 819315 | X31: 819370 | Y31: 819445 | Z31: 819491 | AA31: 819533 | AB31: 819706 | AC31: 819995 | AD31: 820041 | AE31: 820088 | AF31: 820271 | AG31: 820495 | AH31: 820568 | AI31: 820630 | AJ31: 820670 | AK31: 820873 | AL31: 820921 | AM31: 820957 | AN31: 821024 | AO31: 821060 | AP31: 821288 | AQ31: 821319 | AR31: 821356 | AS31: 821451 | AT31: 821500 | AU31: 821710 | AV31: 821754 | AW31: 821805 | AX31: 821885 | AY31: 821931 | AZ31: 822143 | BA31: 822185 | BB31: 822236 | BC31: 822306 | BD31: 822352 | BE31: 822558 | BF31: 822647 | BG31: 822737 | BH31: 822777 | BI31: 823003 | BJ31: 823082
A32: 326 | B32: 326 | C32: 326 | D32: 326 | E32: 326 | F32: 326 | G32: 326 | H32: 326 | I32: 326 | J32: 326 | K32: 326 | L32: 326 | M32: 326 | N32: 326 | O32: 326 | P32: 326 | Q32: 326 | R32: 326 | S32: 326 | T32: 326 | U32: 326 | V32: 326 | W32: 326 | X32: 326 | Y32: 326 | Z32: 326 | AA32: 326 | AB32: 326 | AC32: 326 | AD32: 326 | AE32: 326 | AF32: 326 | AG32: 326 | AH32: 326 | AI32: 326 | AJ32: 326 | AK32: 326 | AL32: 326 | AM32: 326 | AN32: 326 | AO32: 326 | AP32: 326 | AQ32: 326 | AR32: 326 | AS32: 326 | AT32: 326 | AU32: 326 | AV32: 326 | AW32: 326 | AX32: 326 | AY32: 326 | AZ32: 326 | BA32: 326 | BB32: 326 | BC32: 326 | BD32: 326 | BE32: 326 | BF32: 326 | BG32: 326 | BH32: 326 | BI32: 326 | BJ32: 326
A33: 323 | B33: 323 | C33: 323 | D33: 323 | E33: 323 | F33: 323 | G33: 323 | H33: 323 | I33: 323 | J33: 323 | K33: 323 | L33: 323 | M33: 323 | N33: 323 | O33: 323 | P33: 323 | Q33: 323 | R33: 323 | S33: 323 | T33: 323 | U33: 323 | V33: 323 | W33: 323 | X33: 323 | Y33: 323 | Z33: 323 | AA33: 323 | AB33: 323 | AC33: 323 | AD33: 323 | AE33: 323 | AF33: 323 | AG33: 323 | AH33: 323 | AI33: 323 | AJ33: 323 | AK33: 323 | AL33: 323 | AM33: 323 | AN33: 323 | AO33: 323 | AP33: 323 | AQ33: 323 | AR33: 323 | AS33: 323 | AT33: 323 | AU33: 323 | AV33: 323 | AW33: 323 | AX33: 323 | AY33: 323 | AZ33: 323 | BA33: 323 | BB33: 323 | BC33: 323 | BD33: 323 | BE33: 323 | BF33: 323 | BG33: 323 | BH33: 323 | BI33: 323 | BJ33: 323
A34: 329 | B34: 329 | C34: 329 | D34: 329 | E34: 329 | F34: 329 | G34: 329 | H34: 329 | I34: 329 | J34: 329 | K34: 329 | L34: 329 | M34: 329 | N34: 329 | O34: 329 | P34: 329 | Q34: 329 | R34: 329 | S34: 329 | T34: 329 | U34: 329 | V34: 329 | W34: 329 | X34: 329 | Y34: 329 | Z34: 329 | AA34: 329 | AB34: 329 | AC34: 329 | AD34: 329 | AE34: 329 | AF34: 329 | AG34: 329 | AH34: 329 | AI34: 329 | AJ34: 329 | AK34: 329 | AL34: 329 | AM34: 329 | AN34: 329 | AO34: 329 | AP34: 329 | AQ34: 329 | AR34: 329 | AS34: 329 | AT34: 329 | AU34: 329 | AV34: 329 | AW34: 329 | AX34: 329 | AY34: 329 | AZ34: 329 | BA34: 329 | BB34: 329 | BC34: 329 | BD34: 329 | BE34: 329 | BF34: 329 | BG34: 329 | BH34: 329 | BI34: 329 | BJ34: 329
A35: 327.91 | B35: 326.58 | C35: 327.56 | D35: 327.6 | E35: 327 | F35: 326.9 | G35: 328 | H35: 327.2 | I35: 327.9 | J35: 328.87 | K35: 326.57 | L35: 326.25 | M35: 328.07 | N35: 328.25 | O35: 326.75 | P35: 326.35 | Q35: 326.44 | R35: 327.54 | S35: 327.4 | T35: 326.7 | U35: 326.3 | V35: 328.6 | W35: 326.8 | X35: 327.4 | Y35: 327.5 | Z35: 326.37 | AA35: 327.4 | AB35: 327.39 | AC35: 326.97 | AD35: 327.24 | AE35: 326.64 | AF35: 326.79 | AG35: 326.89 | AH35: 327.55 | AI35: 327.5 | AJ35: 327.39 | AK35: 327.59 | AL35: 327.29 | AM35: 327.78 | AN35: 327.86 | AO35: 327.58 | AP35: 329.54 | AQ35: 328.39 | AR35: 328.22 | AS35: 327.04 | AT35: 328.37 | AU35: 327.58 | AV35: 327.16 | AW35: 327.04 | AX35: 328.18 | AY35: 328.64 | AZ35: 328.04 | BA35: 327.6 | BB35: 326.95 | BC35: 327.53 | BD35: 327.54 | BE35: 327.31 | BF35: 327.87 | BG35: 328.01 | BH35: 328.86 | BI35: 328.31 | BJ35: 326.93
A36: PART_CEP_REP | B36: Part Model N - Cep Report | C36: PART01 | D36: Upper Sub-Assembly | E36: PART01_01R_Y | F36: Upper Part Inboard RH Hole - Pos Y | G36: Pos Y | H36: 62
A37: 46169 | B37: 46169 | C37: 46169 | D37: 46169 | E37: 46170 | F37: 46170 | G37: 46171 | H37: 46171 | I37: 46171 | J37: 46171 | K37: 46172 | L37: 46172 | M37: 46172 | N37: 46174 | O37: 46174 | P37: 46174 | Q37: 46174 | R37: 46175 | S37: 46175 | T37: 46175 | U37: 46176 | V37: 46176 | W37: 46176 | X37: 46176 | Y37: 46176 | Z37: 46176 | AA37: 46176 | AB37: 46177 | AC37: 46178 | AD37: 46178 | AE37: 46178 | AF37: 46179 | AG37: 46180 | AH37: 46180 | AI37: 46180 | AJ37: 46180 | AK37: 46181 | AL37: 46181 | AM37: 46181 | AN37: 46181 | AO37: 46181 | AP37: 46182 | AQ37: 46182 | AR37: 46182 | AS37: 46182 | AT37: 46182 | AU37: 46183 | AV37: 46183 | AW37: 46183 | AX37: 46183 | AY37: 46183 | AZ37: 46184 | BA37: 46184 | BB37: 46184 | BC37: 46184 | BD37: 46184 | BE37: 46185 | BF37: 46185 | BG37: 46185 | BH37: 46185 | BI37: 46186 | BJ37: 46186
A38: 816948 | B38: 816987 | C38: 816998 | D38: 817092 | E38: 817353 | F38: 817441 | G38: 817773 | H38: 817861 | I38: 817943 | J38: 817985 | K38: 818214 | L38: 818254 | M38: 818291 | N38: 818439 | O38: 818580 | P38: 818627 | Q38: 818667 | R38: 818839 | S38: 818934 | T38: 819019 | U38: 819103 | V38: 819271 | W38: 819315 | X38: 819370 | Y38: 819445 | Z38: 819491 | AA38: 819533 | AB38: 819706 | AC38: 819995 | AD38: 820041 | AE38: 820088 | AF38: 820271 | AG38: 820495 | AH38: 820568 | AI38: 820630 | AJ38: 820670 | AK38: 820873 | AL38: 820921 | AM38: 820957 | AN38: 821024 | AO38: 821060 | AP38: 821288 | AQ38: 821319 | AR38: 821356 | AS38: 821451 | AT38: 821500 | AU38: 821710 | AV38: 821754 | AW38: 821805 | AX38: 821885 | AY38: 821931 | AZ38: 822143 | BA38: 822185 | BB38: 822236 | BC38: 822306 | BD38: 822352 | BE38: 822558 | BF38: 822647 | BG38: 822737 | BH38: 822777 | BI38: 823003 | BJ38: 823082
A39: 990.2 | B39: 990.2 | C39: 990.2 | D39: 990.2 | E39: 990.2 | F39: 990.2 | G39: 990.2 | H39: 990.2 | I39: 990.2 | J39: 990.2 | K39: 990.2 | L39: 990.2 | M39: 990.2 | N39: 990.2 | O39: 990.2 | P39: 990.2 | Q39: 990.2 | R39: 990.2 | S39: 990.2 | T39: 990.2 | U39: 990.2 | V39: 990.2 | W39: 990.2 | X39: 990.2 | Y39: 990.2 | Z39: 990.2 | AA39: 990.2 | AB39: 990.2 | AC39: 990.2 | AD39: 990.2 | AE39: 990.2 | AF39: 990.2 | AG39: 990.2 | AH39: 990.2 | AI39: 990.2 | AJ39: 990.2 | AK39: 990.2 | AL39: 990.2 | AM39: 990.2 | AN39: 990.2 | AO39: 990.2 | AP39: 990.2 | AQ39: 990.2 | AR39: 990.2 | AS39: 990.2 | AT39: 990.2 | AU39: 990.2 | AV39: 990.2 | AW39: 990.2 | AX39: 990.2 | AY39: 990.2 | AZ39: 990.2 | BA39: 990.2 | BB39: 990.2 | BC39: 990.2 | BD39: 990.2 | BE39: 990.2 | BF39: 990.2 | BG39: 990.2 | BH39: 990.2 | BI39: 990.2 | BJ39: 990.2
A40: 987.2 | B40: 987.2 | C40: 987.2 | D40: 987.2 | E40: 987.2 | F40: 987.2 | G40: 987.2 | H40: 987.2 | I40: 987.2 | J40: 987.2 | K40: 987.2 | L40: 987.2 | M40: 987.2 | N40: 987.2 | O40: 987.2 | P40: 987.2 | Q40: 987.2 | R40: 987.2 | S40: 987.2 | T40: 987.2 | U40: 987.2 | V40: 987.2 | W40: 987.2 | X40: 987.2 | Y40: 987.2 | Z40: 987.2 | AA40: 987.2 | AB40: 987.2 | AC40: 987.2 | AD40: 987.2 | AE40: 987.2 | AF40: 987.2 | AG40: 987.2 | AH40: 987.2 | AI40: 987.2 | AJ40: 987.2 | AK40: 987.2 | AL40: 987.2 | AM40: 987.2 | AN40: 987.2 | AO40: 987.2 | AP40: 987.2 | AQ40: 987.2 | AR40: 987.2 | AS40: 987.2 | AT40: 987.2 | AU40: 987.2 | AV40: 987.2 | AW40: 987.2 | AX40: 987.2 | AY40: 987.2 | AZ40: 987.2 | BA40: 987.2 | BB40: 987.2 | BC40: 987.2 | BD40: 987.2 | BE40: 987.2 | BF40: 987.2 | BG40: 987.2 | BH40: 987.2 | BI40: 987.2 | BJ40: 987.2
A41: 993.2 | B41: 993.2 | C41: 993.2 | D41: 993.2 | E41: 993.2 | F41: 993.2 | G41: 993.2 | H41: 993.2 | I41: 993.2 | J41: 993.2 | K41: 993.2 | L41: 993.2 | M41: 993.2 | N41: 993.2 | O41: 993.2 | P41: 993.2 | Q41: 993.2 | R41: 993.2 | S41: 993.2 | T41: 993.2 | U41: 993.2 | V41: 993.2 | W41: 993.2 | X41: 993.2 | Y41: 993.2 | Z41: 993.2 | AA41: 993.2 | AB41: 993.2 | AC41: 993.2 | AD41: 993.2 | AE41: 993.2 | AF41: 993.2 | AG41: 993.2 | AH41: 993.2 | AI41: 993.2 | AJ41: 993.2 | AK41: 993.2 | AL41: 993.2 | AM41: 993.2 | AN41: 993.2 | AO41: 993.2 | AP41: 993.2 | AQ41: 993.2 | AR41: 993.2 | AS41: 993.2 | AT41: 993.2 | AU41: 993.2 | AV41: 993.2 | AW41: 993.2 | AX41: 993.2 | AY41: 993.2 | AZ41: 993.2 | BA41: 993.2 | BB41: 993.2 | BC41: 993.2 | BD41: 993.2 | BE41: 993.2 | BF41: 993.2 | BG41: 993.2 | BH41: 993.2 | BI41: 993.2 | BJ41: 993.2
A42: 989.59 | B42: 989.23 | C42: 989.37 | D42: 989.4 | E42: 989.1 | F42: 989.4 | G42: 989.2 | H42: 989.5 | I42: 989.4 | J42: 989.49 | K42: 988.95 | L42: 988.85 | M42: 988.81 | N42: 989.65 | O42: 989.07 | P42: 988.56 | Q42: 988.34 | R42: 988.87 | S42: 989.5 | T42: 989.1 | U42: 989.2 | V42: 989.47 | W42: 989.5 | X42: 989.8 | Y42: 989.4 | Z42: 989.24 | AA42: 989.4 | AB42: 989.58 | AC42: 988.77 | AD42: 988.72 | AE42: 989.07 | AF42: 989.22 | AG42: 989.14 | AH42: 988.98 | AI42: 989.2 | AJ42: 988.54 | AK42: 989.25 | AL42: 989.31 | AM42: 989.38 | AN42: 989.47 | AO42: 989.25 | AP42: 989.37 | AQ42: 989.21 | AR42: 988.76 | AS42: 989.56 | AT42: 989.66 | AU42: 989 | AV42: 989.41 | AW42: 989.23 | AX42: 989.07 | AY42: 989.86 | AZ42: 989.66 | BA42: 989.4 | BB42: 989.61 | BC42: 989.76 | BD42: 989.52 | BE42: 988.66 | BF42: 989.12 | BG42: 989.27 | BH42: 989.86 | BI42: 988.6 | BJ42: 988.68
A43: PART_CEP_REP | B43: Part Model N - Cep Report | C43: PART01 | D43: Upper Sub-Assembly | E43: PART01_01R_Z | F43: Upper Part Inboard RH Hole - Pos Z | G43: Pos Z | H43: 62
A44: 46169 | B44: 46169 | C44: 46169 | D44: 46169 | E44: 46170 | F44: 46170 | G44: 46171 | H44: 46171 | I44: 46171 | J44: 46171 | K44: 46172 | L44: 46172 | M44: 46172 | N44: 46174 | O44: 46174 | P44: 46174 | Q44: 46174 | R44: 46175 | S44: 46175 | T44: 46175 | U44: 46176 | V44: 46176 | W44: 46176 | X44: 46176 | Y44: 46176 | Z44: 46176 | AA44: 46176 | AB44: 46177 | AC44: 46178 | AD44: 46178 | AE44: 46178 | AF44: 46179 | AG44: 46180 | AH44: 46180 | AI44: 46180 | AJ44: 46180 | AK44: 46181 | AL44: 46181 | AM44: 46181 | AN44: 46181 | AO44: 46181 | AP44: 46182 | AQ44: 46182 | AR44: 46182 | AS44: 46182 | AT44: 46182 | AU44: 46183 | AV44: 46183 | AW44: 46183 | AX44: 46183 | AY44: 46183 | AZ44: 46184 | BA44: 46184 | BB44: 46184 | BC44: 46184 | BD44: 46184 | BE44: 46185 | BF44: 46185 | BG44: 46185 | BH44: 46185 | BI44: 46186 | BJ44: 46186
A45: 816948 | B45: 816987 | C45: 816998 | D45: 817092 | E45: 817353 | F45: 817441 | G45: 817773 | H45: 817861 | I45: 817943 | J45: 817985 | K45: 818214 | L45: 818254 | M45: 818291 | N45: 818439 | O45: 818580 | P45: 818627 | Q45: 818667 | R45: 818839 | S45: 818934 | T45: 819019 | U45: 819103 | V45: 819271 | W45: 819315 | X45: 819370 | Y45: 819445 | Z45: 819491 | AA45: 819533 | AB45: 819706 | AC45: 819995 | AD45: 820041 | AE45: 820088 | AF45: 820271 | AG45: 820495 | AH45: 820568 | AI45: 820630 | AJ45: 820670 | AK45: 820873 | AL45: 820921 | AM45: 820957 | AN45: 821024 | AO45: 821060 | AP45: 821288 | AQ45: 821319 | AR45: 821356 | AS45: 821451 | AT45: 821500 | AU45: 821710 | AV45: 821754 | AW45: 821805 | AX45: 821885 | AY45: 821931 | AZ45: 822143 | BA45: 822185 | BB45: 822236 | BC45: 822306 | BD45: 822352 | BE45: 822558 | BF45: 822647 | BG45: 822737 | BH45: 822777 | BI45: 823003 | BJ45: 823082
A46: 226.2 | B46: 226.2 | C46: 226.2 | D46: 226.2 | E46: 226.2 | F46: 226.2 | G46: 226.2 | H46: 226.2 | I46: 226.2 | J46: 226.2 | K46: 226.2 | L46: 226.2 | M46: 226.2 | N46: 226.2 | O46: 226.2 | P46: 226.2 | Q46: 226.2 | R46: 226.2 | S46: 226.2 | T46: 226.2 | U46: 226.2 | V46: 226.2 | W46: 226.2 | X46: 226.2 | Y46: 226.2 | Z46: 226.2 | AA46: 226.2 | AB46: 226.2 | AC46: 226.2 | AD46: 226.2 | AE46: 226.2 | AF46: 226.2 | AG46: 226.2 | AH46: 226.2 | AI46: 226.2 | AJ46: 226.2 | AK46: 226.2 | AL46: 226.2 | AM46: 226.2 | AN46: 226.2 | AO46: 226.2 | AP46: 226.2 | AQ46: 226.2 | AR46: 226.2 | AS46: 226.2 | AT46: 226.2 | AU46: 226.2 | AV46: 226.2 | AW46: 226.2 | AX46: 226.2 | AY46: 226.2 | AZ46: 226.2 | BA46: 226.2 | BB46: 226.2 | BC46: 226.2 | BD46: 226.2 | BE46: 226.2 | BF46: 226.2 | BG46: 226.2 | BH46: 226.2 | BI46: 226.2 | BJ46: 226.2
A47: 223.2 | B47: 223.2 | C47: 223.2 | D47: 223.2 | E47: 223.2 | F47: 223.2 | G47: 223.2 | H47: 223.2 | I47: 223.2 | J47: 223.2 | K47: 223.2 | L47: 223.2 | M47: 223.2 | N47: 223.2 | O47: 223.2 | P47: 223.2 | Q47: 223.2 | R47: 223.2 | S47: 223.2 | T47: 223.2 | U47: 223.2 | V47: 223.2 | W47: 223.2 | X47: 223.2 | Y47: 223.2 | Z47: 223.2 | AA47: 223.2 | AB47: 223.2 | AC47: 223.2 | AD47: 223.2 | AE47: 223.2 | AF47: 223.2 | AG47: 223.2 | AH47: 223.2 | AI47: 223.2 | AJ47: 223.2 | AK47: 223.2 | AL47: 223.2 | AM47: 223.2 | AN47: 223.2 | AO47: 223.2 | AP47: 223.2 | AQ47: 223.2 | AR47: 223.2 | AS47: 223.2 | AT47: 223.2 | AU47: 223.2 | AV47: 223.2 | AW47: 223.2 | AX47: 223.2 | AY47: 223.2 | AZ47: 223.2 | BA47: 223.2 | BB47: 223.2 | BC47: 223.2 | BD47: 223.2 | BE47: 223.2 | BF47: 223.2 | BG47: 223.2 | BH47: 223.2 | BI47: 223.2 | BJ47: 223.2
A48: 229.2 | B48: 229.2 | C48: 229.2 | D48: 229.2 | E48: 229.2 | F48: 229.2 | G48: 229.2 | H48: 229.2 | I48: 229.2 | J48: 229.2 | K48: 229.2 | L48: 229.2 | M48: 229.2 | N48: 229.2 | O48: 229.2 | P48: 229.2 | Q48: 229.2 | R48: 229.2 | S48: 229.2 | T48: 229.2 | U48: 229.2 | V48: 229.2 | W48: 229.2 | X48: 229.2 | Y48: 229.2 | Z48: 229.2 | AA48: 229.2 | AB48: 229.2 | AC48: 229.2 | AD48: 229.2 | AE48: 229.2 | AF48: 229.2 | AG48: 229.2 | AH48: 229.2 | AI48: 229.2 | AJ48: 229.2 | AK48: 229.2 | AL48: 229.2 | AM48: 229.2 | AN48: 229.2 | AO48: 229.2 | AP48: 229.2 | AQ48: 229.2 | AR48: 229.2 | AS48: 229.2 | AT48: 229.2 | AU48: 229.2 | AV48: 229.2 | AW48: 229.2 | AX48: 229.2 | AY48: 229.2 | AZ48: 229.2 | BA48: 229.2 | BB48: 229.2 | BC48: 229.2 | BD48: 229.2 | BE48: 229.2 | BF48: 229.2 | BG48: 229.2 | BH48: 229.2 | BI48: 229.2 | BJ48: 229.2
A49: 226.79 | B49: 227.11 | C49: 227.29 | D49: 227.9 | E49: 226.8 | F49: 227.7 | G49: 226.9 | H49: 228.5 | I49: 228.8 | J49: 228.48 | K49: 226.73 | L49: 228.2 | M49: 228.02 | N49: 227.87 | O49: 227.22 | P49: 227.18 | Q49: 227.12 | R49: 227.52 | S49: 227.9 | T49: 227.9 | U49: 227.5 | V49: 226.39 | W49: 228.2 | X49: 226.9 | Y49: 227.9 | Z49: 227.71 | AA49: 227.71 | AB49: 226.8 | AC49: 227.41 | AD49: 227.45 | AE49: 227.78 | AF49: 226.88 | AG49: 227.96 | AH49: 227.93 | AI49: 228 | AJ49: 228.46 | AK49: 226.93 | AL49: 227.28 | AM49: 227.69 | AN49: 227.78 | AO49: 227.29 | AP49: 228.11 | AQ49: 227.98 | AR49: 228.38 | AS49: 228.11 | AT49: 228.42 | AU49: 227.19 | AV49: 228.19 | AW49: 227.68 | AX49: 228.21 | AY49: 228.51 | AZ49: 228.2 | BA49: 228.46 | BB49: 227.8 | BC49: 228.53 | BD49: 228.5 | BE49: 227.45 | BF49: 228.39 | BG49: 228.89 | BH49: 228.41 | BI49: 226.93 | BJ49: 227.77
A50: PART_CEP_REP | B50: Part Model N - Cep Report | C50: PART01 | D50: Upper Sub-Assembly | E50: PART01_02R_X | F50: Upper Part Outboard RH Hole - Pos X | G50: Pos X | H50: 62
A51: 46169 | B51: 46169 | C51: 46169 | D51: 46169 | E51: 46170 | F51: 46170 | G51: 46171 | H51: 46171 | I51: 46171 | J51: 46171 | K51: 46172 | L51: 46172 | M51: 46172 | N51: 46174 | O51: 46174 | P51: 46174 | Q51: 46174 | R51: 46175 | S51: 46175 | T51: 46175 | U51: 46176 | V51: 46176 | W51: 46176 | X51: 46176 | Y51: 46176 | Z51: 46176 | AA51: 46176 | AB51: 46177 | AC51: 46178 | AD51: 46178 | AE51: 46178 | AF51: 46179 | AG51: 46180 | AH51: 46180 | AI51: 46180 | AJ51: 46180 | AK51: 46181 | AL51: 46181 | AM51: 46181 | AN51: 46181 | AO51: 46181 | AP51: 46182 | AQ51: 46182 | AR51: 46182 | AS51: 46182 | AT51: 46182 | AU51: 46183 | AV51: 46183 | AW51: 46183 | AX51: 46183 | AY51: 46183 | AZ51: 46184 | BA51: 46184 | BB51: 46184 | BC51: 46184 | BD51: 46184 | BE51: 46185 | BF51: 46185 | BG51: 46185 | BH51: 46185 | BI51: 46186 | BJ51: 46186
A52: 816948 | B52: 816987 | C52: 816998 | D52: 817092 | E52: 817353 | F52: 817441 | G52: 817773 | H52: 817861 | I52: 817943 | J52: 817985 | K52: 818214 | L52: 818254 | M52: 818291 | N52: 818439 | O52: 818580 | P52: 818627 | Q52: 818667 | R52: 818839 | S52: 818934 | T52: 819019 | U52: 819103 | V52: 819271 | W52: 819315 | X52: 819370 | Y52: 819445 | Z52: 819491 | AA52: 819533 | AB52: 819706 | AC52: 819995 | AD52: 820041 | AE52: 820088 | AF52: 820271 | AG52: 820495 | AH52: 820568 | AI52: 820630 | AJ52: 820670 | AK52: 820873 | AL52: 820921 | AM52: 820957 | AN52: 821024 | AO52: 821060 | AP52: 821288 | AQ52: 821319 | AR52: 821356 | AS52: 821451 | AT52: 821500 | AU52: 821710 | AV52: 821754 | AW52: 821805 | AX52: 821885 | AY52: 821931 | AZ52: 822143 | BA52: 822185 | BB52: 822236 | BC52: 822306 | BD52: 822352 | BE52: 822558 | BF52: 822647 | BG52: 822737 | BH52: 822777 | BI52: 823003 | BJ52: 823082
A53: 449 | B53: 449 | C53: 449 | D53: 449 | E53: 449 | F53: 449 | G53: 449 | H53: 449 | I53: 449 | J53: 449 | K53: 449 | L53: 449 | M53: 449 | N53: 449 | O53: 449 | P53: 449 | Q53: 449 | R53: 449 | S53: 449 | T53: 449 | U53: 449 | V53: 449 | W53: 449 | X53: 449 | Y53: 449 | Z53: 449 | AA53: 449 | AB53: 449 | AC53: 449 | AD53: 449 | AE53: 449 | AF53: 449 | AG53: 449 | AH53: 449 | AI53: 449 | AJ53: 449 | AK53: 449 | AL53: 449 | AM53: 449 | AN53: 449 | AO53: 449 | AP53: 449 | AQ53: 449 | AR53: 449 | AS53: 449 | AT53: 449 | AU53: 449 | AV53: 449 | AW53: 449 | AX53: 449 | AY53: 449 | AZ53: 449 | BA53: 449 | BB53: 449 | BC53: 449 | BD53: 449 | BE53: 449 | BF53: 449 | BG53: 449 | BH53: 449 | BI53: 449 | BJ53: 449
A54: 446 | B54: 446 | C54: 446 | D54: 446 | E54: 446 | F54: 446 | G54: 446 | H54: 446 | I54: 446 | J54: 446 | K54: 446 | L54: 446 | M54: 446 | N54: 446 | O54: 446 | P54: 446 | Q54: 446 | R54: 446 | S54: 446 | T54: 446 | U54: 446 | V54: 446 | W54: 446 | X54: 446 | Y54: 446 | Z54: 446 | AA54: 446 | AB54: 446 | AC54: 446 | AD54: 446 | AE54: 446 | AF54: 446 | AG54: 446 | AH54: 446 | AI54: 446 | AJ54: 446 | AK54: 446 | AL54: 446 | AM54: 446 | AN54: 446 | AO54: 446 | AP54: 446 | AQ54: 446 | AR54: 446 | AS54: 446 | AT54: 446 | AU54: 446 | AV54: 446 | AW54: 446 | AX54: 446 | AY54: 446 | AZ54: 446 | BA54: 446 | BB54: 446 | BC54: 446 | BD54: 446 | BE54: 446 | BF54: 446 | BG54: 446 | BH54: 446 | BI54: 446 | BJ54: 446
A55: 452 | B55: 452 | C55: 452 | D55: 452 | E55: 452 | F55: 452 | G55: 452 | H55: 452 | I55: 452 | J55: 452 | K55: 452 | L55: 452 | M55: 452 | N55: 452 | O55: 452 | P55: 452 | Q55: 452 | R55: 452 | S55: 452 | T55: 452 | U55: 452 | V55: 452 | W55: 452 | X55: 452 | Y55: 452 | Z55: 452 | AA55: 452 | AB55: 452 | AC55: 452 | AD55: 452 | AE55: 452 | AF55: 452 | AG55: 452 | AH55: 452 | AI55: 452 | AJ55: 452 | AK55: 452 | AL55: 452 | AM55: 452 | AN55: 452 | AO55: 452 | AP55: 452 | AQ55: 452 | AR55: 452 | AS55: 452 | AT55: 452 | AU55: 452 | AV55: 452 | AW55: 452 | AX55: 452 | AY55: 452 | AZ55: 452 | BA55: 452 | BB55: 452 | BC55: 452 | BD55: 452 | BE55: 452 | BF55: 452 | BG55: 452 | BH55: 452 | BI55: 452 | BJ55: 452
A56: 450.25 | B56: 448.85 | C56: 449.84 | D56: 449.7 | E56: 449.4 | F56: 449.1 | G56: 450.3 | H56: 449.4 | I56: 450.2 | J56: 451.11 | K56: 448.74 | L56: 448.55 | M56: 450.51 | N56: 450.64 | O56: 448.88 | P56: 448.42 | Q56: 448.44 | R56: 449.6 | S56: 449.9 | T56: 448.7 | U56: 448.3 | V56: 450.95 | W56: 449.1 | X56: 449.5 | Y56: 449.6 | Z56: 448.39 | AA56: 449.66 | AB56: 449.56 | AC56: 449.06 | AD56: 449.39 | AE56: 448.9 | AF56: 448.99 | AG56: 449.3 | AH56: 450.06 | AI56: 449.8 | AJ56: 449.74 | AK56: 449.66 | AL56: 449.5 | AM56: 450.23 | AN56: 450.03 | AO56: 449.73 | AP56: 451.65 | AQ56: 450.6 | AR56: 450.31 | AS56: 449.5 | AT56: 450.59 | AU56: 449.89 | AV56: 449.56 | AW56: 449.15 | AX56: 450.33 | AY56: 450.92 | AZ56: 450.35 | BA56: 450.06 | BB56: 449.17 | BC56: 449.85 | BD56: 449.64 | BE56: 449.1 | BF56: 449.9 | BG56: 450.23 | BH56: 450.99 | BI56: 450.03 | BJ56: 448.84
A57: PART_CEP_REP | B57: Part Model N - Cep Report | C57: PART01 | D57: Upper Sub-Assembly | E57: PART01_02R_Y | F57: Upper Part Outboard RH Hole - Pos Y | G57: Pos Y | H57: 62
A58: 46169 | B58: 46169 | C58: 46169 | D58: 46169 | E58: 46170 | F58: 46170 | G58: 46171 | H58: 46171 | I58: 46171 | J58: 46171 | K58: 46172 | L58: 46172 | M58: 46172 | N58: 46174 | O58: 46174 | P58: 46174 | Q58: 46174 | R58: 46175 | S58: 46175 | T58: 46175 | U58: 46176 | V58: 46176 | W58: 46176 | X58: 46176 | Y58: 46176 | Z58: 46176 | AA58: 46176 | AB58: 46177 | AC58: 46178 | AD58: 46178 | AE58: 46178 | AF58: 46179 | AG58: 46180 | AH58: 46180 | AI58: 46180 | AJ58: 46180 | AK58: 46181 | AL58: 46181 | AM58: 46181 | AN58: 46181 | AO58: 46181 | AP58: 46182 | AQ58: 46182 | AR58: 46182 | AS58: 46182 | AT58: 46182 | AU58: 46183 | AV58: 46183 | AW58: 46183 | AX58: 46183 | AY58: 46183 | AZ58: 46184 | BA58: 46184 | BB58: 46184 | BC58: 46184 | BD58: 46184 | BE58: 46185 | BF58: 46185 | BG58: 46185 | BH58: 46185 | BI58: 46186 | BJ58: 46186
A59: 816948 | B59: 816987 | C59: 816998 | D59: 817092 | E59: 817353 | F59: 817441 | G59: 817773 | H59: 817861 | I59: 817943 | J59: 817985 | K59: 818214 | L59: 818254 | M59: 818291 | N59: 818439 | O59: 818580 | P59: 818627 | Q59: 818667 | R59: 818839 | S59: 818934 | T59: 819019 | U59: 819103 | V59: 819271 | W59: 819315 | X59: 819370 | Y59: 819445 | Z59: 819491 | AA59: 819533 | AB59: 819706 | AC59: 819995 | AD59: 820041 | AE59: 820088 | AF59: 820271 | AG59: 820495 | AH59: 820568 | AI59: 820630 | AJ59: 820670 | AK59: 820873 | AL59: 820921 | AM59: 820957 | AN59: 821024 | AO59: 821060 | AP59: 821288 | AQ59: 821319 | AR59: 821356 | AS59: 821451 | AT59: 821500 | AU59: 821710 | AV59: 821754 | AW59: 821805 | AX59: 821885 | AY59: 821931 | AZ59: 822143 | BA59: 822185 | BB59: 822236 | BC59: 822306 | BD59: 822352 | BE59: 822558 | BF59: 822647 | BG59: 822737 | BH59: 822777 | BI59: 823003 | BJ59: 823082
A60: 1052.3 | B60: 1052.3 | C60: 1052.3 | D60: 1052.3 | E60: 1052.3 | F60: 1052.3 | G60: 1052.3 | H60: 1052.3 | I60: 1052.3 | J60: 1052.3 | K60: 1052.3 | L60: 1052.3 | M60: 1052.3 | N60: 1052.3 | O60: 1052.3 | P60: 1052.3 | Q60: 1052.3 | R60: 1052.3 | S60: 1052.3 | T60: 1052.3 | U60: 1052.3 | V60: 1052.3 | W60: 1052.3 | X60: 1052.3 | Y60: 1052.3 | Z60: 1052.3 | AA60: 1052.3 | AB60: 1052.3 | AC60: 1052.3 | AD60: 1052.3 | AE60: 1052.3 | AF60: 1052.3 | AG60: 1052.3 | AH60: 1052.3 | AI60: 1052.3 | AJ60: 1052.3 | AK60: 1052.3 | AL60: 1052.3 | AM60: 1052.3 | AN60: 1052.3 | AO60: 1052.3 | AP60: 1052.3 | AQ60: 1052.3 | AR60: 1052.3 | AS60: 1052.3 | AT60: 1052.3 | AU60: 1052.3 | AV60: 1052.3 | AW60: 1052.3 | AX60: 1052.3 | AY60: 1052.3 | AZ60: 1052.3 | BA60: 1052.3 | BB60: 1052.3 | BC60: 1052.3 | BD60: 1052.3 | BE60: 1052.3 | BF60: 1052.3 | BG60: 1052.3 | BH60: 1052.3 | BI60: 1052.3 | BJ60: 1052.3
A61: 1049.3 | B61: 1049.3 | C61: 1049.3 | D61: 1049.3 | E61: 1049.3 | F61: 1049.3 | G61: 1049.3 | H61: 1049.3 | I61: 1049.3 | J61: 1049.3 | K61: 1049.3 | L61: 1049.3 | M61: 1049.3 | N61: 1049.3 | O61: 1049.3 | P61: 1049.3 | Q61: 1049.3 | R61: 1049.3 | S61: 1049.3 | T61: 1049.3 | U61: 1049.3 | V61: 1049.3 | W61: 1049.3 | X61: 1049.3 | Y61: 1049.3 | Z61: 1049.3 | AA61: 1049.3 | AB61: 1049.3 | AC61: 1049.3 | AD61: 1049.3 | AE61: 1049.3 | AF61: 1049.3 | AG61: 1049.3 | AH61: 1049.3 | AI61: 1049.3 | AJ61: 1049.3 | AK61: 1049.3 | AL61: 1049.3 | AM61: 1049.3 | AN61: 1049.3 | AO61: 1049.3 | AP61: 1049.3 | AQ61: 1049.3 | AR61: 1049.3 | AS61: 1049.3 | AT61: 1049.3 | AU61: 1049.3 | AV61: 1049.3 | AW61: 1049.3 | AX61: 1049.3 | AY61: 1049.3 | AZ61: 1049.3 | BA61: 1049.3 | BB61: 1049.3 | BC61: 1049.3 | BD61: 1049.3 | BE61: 1049.3 | BF61: 1049.3 | BG61: 1049.3 | BH61: 1049.3 | BI61: 1049.3 | BJ61: 1049.3
A62: 1055.3 | B62: 1055.3 | C62: 1055.3 | D62: 1055.3 | E62: 1055.3 | F62: 1055.3 | G62: 1055.3 | H62: 1055.3 | I62: 1055.3 | J62: 1055.3 | K62: 1055.3 | L62: 1055.3 | M62: 1055.3 | N62: 1055.3 | O62: 1055.3 | P62: 1055.3 | Q62: 1055.3 | R62: 1055.3 | S62: 1055.3 | T62: 1055.3 | U62: 1055.3 | V62: 1055.3 | W62: 1055.3 | X62: 1055.3 | Y62: 1055.3 | Z62: 1055.3 | AA62: 1055.3 | AB62: 1055.3 | AC62: 1055.3 | AD62: 1055.3 | AE62: 1055.3 | AF62: 1055.3 | AG62: 1055.3 | AH62: 1055.3 | AI62: 1055.3 | AJ62: 1055.3 | AK62: 1055.3 | AL62: 1055.3 | AM62: 1055.3 | AN62: 1055.3 | AO62: 1055.3 | AP62: 1055.3 | AQ62: 1055.3 | AR62: 1055.3 | AS62: 1055.3 | AT62: 1055.3 | AU62: 1055.3 | AV62: 1055.3 | AW62: 1055.3 | AX62: 1055.3 | AY62: 1055.3 | AZ62: 1055.3 | BA62: 1055.3 | BB62: 1055.3 | BC62: 1055.3 | BD62: 1055.3 | BE62: 1055.3 | BF62: 1055.3 | BG62: 1055.3 | BH62: 1055.3 | BI62: 1055.3 | BJ62: 1055.3
A63: 1051.51 | B63: 1051.38 | C63: 1051.45 | D63: 1051.9 | E63: 1051.2 | F63: 1051.8 | G63: 1051.4 | H63: 1051.8 | I63: 1051.8 | J63: 1051.95 | K63: 1051.21 | L63: 1051.29 | M63: 1050.85 | N63: 1051.65 | O63: 1051.2 | P63: 1051.07 | Q63: 1050.99 | R63: 1051.42 | S63: 1051.5 | T63: 1051.7 | U63: 1051.8 | V63: 1051.36 | W63: 1051.8 | X63: 1052.3 | Y63: 1052 | Z63: 1051.75 | AA63: 1051.83 | AB63: 1052 | AC63: 1051.39 | AD63: 1051.28 | AE63: 1051.43 | AF63: 1051.41 | AG63: 1051.26 | AH63: 1051.41 | AI63: 1051.5 | AJ63: 1051.17 | AK63: 1051.83 | AL63: 1051.25 | AM63: 1051.44 | AN63: 1051.95 | AO63: 1051.61 | AP63: 1051.97 | AQ63: 1051.8 | AR63: 1051.49 | AS63: 1051.78 | AT63: 1052.15 | AU63: 1050.9 | AV63: 1051.47 | AW63: 1051.51 | AX63: 1051.61 | AY63: 1051.91 | AZ63: 1051.7 | BA63: 1051.56 | BB63: 1051.88 | BC63: 1052.06 | BD63: 1052.32 | BE63: 1051.79 | BF63: 1051.95 | BG63: 1051.62 | BH63: 1052.16 | BI63: 1051.41 | BJ63: 1051.68
A64: PART_CEP_REP | B64: Part Model N - Cep Report | C64: PART01 | D64: Upper Sub-Assembly | E64: PART01_02R_Z | F64: Upper Part Outboard RH Hole - Pos Z | G64: Pos Z | H64: 62
A65: 46169 | B65: 46169 | C65: 46169 | D65: 46169 | E65: 46170 | F65: 46170 | G65: 46171 | H65: 46171 | I65: 46171 | J65: 46171 | K65: 46172 | L65: 46172 | M65: 46172 | N65: 46174 | O65: 46174 | P65: 46174 | Q65: 46174 | R65: 46175 | S65: 46175 | T65: 46175 | U65: 46176 | V65: 46176 | W65: 46176 | X65: 46176 | Y65: 46176 | Z65: 46176 | AA65: 46176 | AB65: 46177 | AC65: 46178 | AD65: 46178 | AE65: 46178 | AF65: 46179 | AG65: 46180 | AH65: 46180 | AI65: 46180 | AJ65: 46180 | AK65: 46181 | AL65: 46181 | AM65: 46181 | AN65: 46181 | AO65: 46181 | AP65: 46182 | AQ65: 46182 | AR65: 46182 | AS65: 46182 | AT65: 46182 | AU65: 46183 | AV65: 46183 | AW65: 46183 | AX65: 46183 | AY65: 46183 | AZ65: 46184 | BA65: 46184 | BB65: 46184 | BC65: 46184 | BD65: 46184 | BE65: 46185 | BF65: 46185 | BG65: 46185 | BH65: 46185 | BI65: 46186 | BJ65: 46186
A66: 816948 | B66: 816987 | C66: 816998 | D66: 817092 | E66: 817353 | F66: 817441 | G66: 817773 | H66: 817861 | I66: 817943 | J66: 817985 | K66: 818214 | L66: 818254 | M66: 818291 | N66: 818439 | O66: 818580 | P66: 818627 | Q66: 818667 | R66: 818839 | S66: 818934 | T66: 819019 | U66: 819103 | V66: 819271 | W66: 819315 | X66: 819370 | Y66: 819445 | Z66: 819491 | AA66: 819533 | AB66: 819706 | AC66: 819995 | AD66: 820041 | AE66: 820088 | AF66: 820271 | AG66: 820495 | AH66: 820568 | AI66: 820630 | AJ66: 820670 | AK66: 820873 | AL66: 820921 | AM66: 820957 | AN66: 821024 | AO66: 821060 | AP66: 821288 | AQ66: 821319 | AR66: 821356 | AS66: 821451 | AT66: 821500 | AU66: 821710 | AV66: 821754 | AW66: 821805 | AX66: 821885 | AY66: 821931 | AZ66: 822143 | BA66: 822185 | BB66: 822236 | BC66: 822306 | BD66: 822352 | BE66: 822558 | BF66: 822647 | BG66: 822737 | BH66: 822777 | BI66: 823003 | BJ66: 823082
A67: 652 | B67: 652 | C67: 652 | D67: 652 | E67: 652 | F67: 652 | G67: 652 | H67: 652 | I67: 652 | J67: 652 | K67: 652 | L67: 652 | M67: 652 | N67: 652 | O67: 652 | P67: 652 | Q67: 652 | R67: 652 | S67: 652 | T67: 652 | U67: 652 | V67: 652 | W67: 652 | X67: 652 | Y67: 652 | Z67: 652 | AA67: 652 | AB67: 652 | AC67: 652 | AD67: 652 | AE67: 652 | AF67: 652 | AG67: 652 | AH67: 652 | AI67: 652 | AJ67: 652 | AK67: 652 | AL67: 652 | AM67: 652 | AN67: 652 | AO67: 652 | AP67: 652 | AQ67: 652 | AR67: 652 | AS67: 652 | AT67: 652 | AU67: 652 | AV67: 652 | AW67: 652 | AX67: 652 | AY67: 652 | AZ67: 652 | BA67: 652 | BB67: 652 | BC67: 652 | BD67: 652 | BE67: 652 | BF67: 652 | BG67: 652 | BH67: 652 | BI67: 652 | BJ67: 652
A68: 649 | B68: 649 | C68: 649 | D68: 649 | E68: 649 | F68: 649 | G68: 649 | H68: 649 | I68: 649 | J68: 649 | K68: 649 | L68: 649 | M68: 649 | N68: 649 | O68: 649 | P68: 649 | Q68: 649 | R68: 649 | S68: 649 | T68: 649 | U68: 649 | V68: 649 | W68: 649 | X68: 649 | Y68: 649 | Z68: 649 | AA68: 649 | AB68: 649 | AC68: 649 | AD68: 649 | AE68: 649 | AF68: 649 | AG68: 649 | AH68: 649 | AI68: 649 | AJ68: 649 | AK68: 649 | AL68: 649 | AM68: 649 | AN68: 649 | AO68: 649 | AP68: 649 | AQ68: 649 | AR68: 649 | AS68: 649 | AT68: 649 | AU68: 649 | AV68: 649 | AW68: 649 | AX68: 649 | AY68: 649 | AZ68: 649 | BA68: 649 | BB68: 649 | BC68: 649 | BD68: 649 | BE68: 649 | BF68: 649 | BG68: 649 | BH68: 649 | BI68: 649 | BJ68: 649
A69: 655 | B69: 655 | C69: 655 | D69: 655 | E69: 655 | F69: 655 | G69: 655 | H69: 655 | I69: 655 | J69: 655 | K69: 655 | L69: 655 | M69: 655 | N69: 655 | O69: 655 | P69: 655 | Q69: 655 | R69: 655 | S69: 655 | T69: 655 | U69: 655 | V69: 655 | W69: 655 | X69: 655 | Y69: 655 | Z69: 655 | AA69: 655 | AB69: 655 | AC69: 655 | AD69: 655 | AE69: 655 | AF69: 655 | AG69: 655 | AH69: 655 | AI69: 655 | AJ69: 655 | AK69: 655 | AL69: 655 | AM69: 655 | AN69: 655 | AO69: 655 | AP69: 655 | AQ69: 655 | AR69: 655 | AS69: 655 | AT69: 655 | AU69: 655 | AV69: 655 | AW69: 655 | AX69: 655 | AY69: 655 | AZ69: 655 | BA69: 655 | BB69: 655 | BC69: 655 | BD69: 655 | BE69: 655 | BF69: 655 | BG69: 655 | BH69: 655 | BI69: 655 | BJ69: 655
A70: 655.83 | B70: 653.71 | C70: 655.08 | D70: 654.2 | E70: 654.3 | F70: 654.4 | G70: 655 | H70: 655.1 | I70: 655.1 | J70: 656.24 | K70: 653.97 | L70: 653.84 | M70: 654.46 | N70: 655.84 | O70: 654.68 | P70: 653.84 | Q70: 654.68 | R70: 654.99 | S70: 655.1 | T70: 654.2 | U70: 655.4 | V70: 655.62 | W70: 655.1 | X70: 656.4 | Y70: 656.2 | Z70: 653.6 | AA70: 655.37 | AB70: 654.92 | AC70: 656.12 | AD70: 655.71 | AE70: 654.85 | AF70: 654.58 | AG70: 655.14 | AH70: 656 | AI70: 654.6 | AJ70: 655.92 | AK70: 656.03 | AL70: 654.08 | AM70: 654.57 | AN70: 654.7 | AO70: 654.66 | AP70: 656.71 | AQ70: 655.65 | AR70: 655.91 | AS70: 654.62 | AT70: 655.94 | AU70: 655.1 | AV70: 654.17 | AW70: 654.57 | AX70: 655.74 | AY70: 655.48 | AZ70: 656.03 | BA70: 654.78 | BB70: 655.1 | BC70: 655.25 | BD70: 655.51 | BE70: 655.53 | BF70: 656.32 | BG70: 656.03 | BH70: 657.7 | BI70: 656.49 | BJ70: 654.82
A71: PART_CEP_REP | B71: Part Model N - Cep Report | C71: PART01 | D71: Upper Sub-Assembly | E71: PART01_P1_Y | F71: Lower Part - Outboard vs Outboard Holes - W-Pitch | G71: Dist Y | H71: 62
A72: 46169 | B72: 46169 | C72: 46169 | D72: 46169 | E72: 46170 | F72: 46170 | G72: 46171 | H72: 46171 | I72: 46171 | J72: 46171 | K72: 46172 | L72: 46172 | M72: 46172 | N72: 46174 | O72: 46174 | P72: 46174 | Q72: 46174 | R72: 46175 | S72: 46175 | T72: 46175 | U72: 46176 | V72: 46176 | W72: 46176 | X72: 46176 | Y72: 46176 | Z72: 46176 | AA72: 46176 | AB72: 46177 | AC72: 46178 | AD72: 46178 | AE72: 46178 | AF72: 46179 | AG72: 46180 | AH72: 46180 | AI72: 46180 | AJ72: 46180 | AK72: 46181 | AL72: 46181 | AM72: 46181 | AN72: 46181 | AO72: 46181 | AP72: 46182 | AQ72: 46182 | AR72: 46182 | AS72: 46182 | AT72: 46182 | AU72: 46183 | AV72: 46183 | AW72: 46183 | AX72: 46183 | AY72: 46183 | AZ72: 46184 | BA72: 46184 | BB72: 46184 | BC72: 46184 | BD72: 46184 | BE72: 46185 | BF72: 46185 | BG72: 46185 | BH72: 46185 | BI72: 46186 | BJ72: 46186
A73: 816948 | B73: 816987 | C73: 816998 | D73: 817092 | E73: 817353 | F73: 817441 | G73: 817773 | H73: 817861 | I73: 817943 | J73: 817985 | K73: 818214 | L73: 818254 | M73: 818291 | N73: 818439 | O73: 818580 | P73: 818627 | Q73: 818667 | R73: 818839 | S73: 818934 | T73: 819019 | U73: 819103 | V73: 819271 | W73: 819315 | X73: 819370 | Y73: 819445 | Z73: 819491 | AA73: 819533 | AB73: 819706 | AC73: 819995 | AD73: 820041 | AE73: 820088 | AF73: 820271 | AG73: 820495 | AH73: 820568 | AI73: 820630 | AJ73: 820670 | AK73: 820873 | AL73: 820921 | AM73: 820957 | AN73: 821024 | AO73: 821060 | AP73: 821288 | AQ73: 821319 | AR73: 821356 | AS73: 821451 | AT73: 821500 | AU73: 821710 | AV73: 821754 | AW73: 821805 | AX73: 821885 | AY73: 821931 | AZ73: 822143 | BA73: 822185 | BB73: 822236 | BC73: 822306 | BD73: 822352 | BE73: 822558 | BF73: 822647 | BG73: 822737 | BH73: 822777 | BI73: 823003 | BJ73: 823082
A74: 420 | B74: 420 | C74: 420 | D74: 420 | E74: 420 | F74: 420 | G74: 420 | H74: 420 | I74: 420 | J74: 420 | K74: 420 | L74: 420 | M74: 420 | N74: 420 | O74: 420 | P74: 420 | Q74: 420 | R74: 420 | S74: 420 | T74: 420 | U74: 420 | V74: 420 | W74: 420 | X74: 420 | Y74: 420 | Z74: 420 | AA74: 420 | AB74: 420 | AC74: 420 | AD74: 420 | AE74: 420 | AF74: 420 | AG74: 420 | AH74: 420 | AI74: 420 | AJ74: 420 | AK74: 420 | AL74: 420 | AM74: 420 | AN74: 420 | AO74: 420 | AP74: 420 | AQ74: 420 | AR74: 420 | AS74: 420 | AT74: 420 | AU74: 420 | AV74: 420 | AW74: 420 | AX74: 420 | AY74: 420 | AZ74: 420 | BA74: 420 | BB74: 420 | BC74: 420 | BD74: 420 | BE74: 420 | BF74: 420 | BG74: 420 | BH74: 420 | BI74: 420 | BJ74: 420
A75: 416 | B75: 416 | C75: 416 | D75: 416 | E75: 416 | F75: 416 | G75: 416 | H75: 416 | I75: 416 | J75: 416 | K75: 416 | L75: 416 | M75: 416 | N75: 416 | O75: 416 | P75: 416 | Q75: 416 | R75: 416 | S75: 416 | T75: 416 | U75: 416 | V75: 416 | W75: 416 | X75: 416 | Y75: 416 | Z75: 416 | AA75: 416 | AB75: 416 | AC75: 416 | AD75: 416 | AE75: 416 | AF75: 416 | AG75: 416 | AH75: 416 | AI75: 416 | AJ75: 416 | AK75: 416 | AL75: 416 | AM75: 416 | AN75: 416 | AO75: 416 | AP75: 416 | AQ75: 416 | AR75: 416 | AS75: 416 | AT75: 416 | AU75: 416 | AV75: 416 | AW75: 416 | AX75: 416 | AY75: 416 | AZ75: 416 | BA75: 416 | BB75: 416 | BC75: 416 | BD75: 416 | BE75: 416 | BF75: 416 | BG75: 416 | BH75: 416 | BI75: 416 | BJ75: 416
A76: 424 | B76: 424 | C76: 424 | D76: 424 | E76: 424 | F76: 424 | G76: 424 | H76: 424 | I76: 424 | J76: 424 | K76: 424 | L76: 424 | M76: 424 | N76: 424 | O76: 424 | P76: 424 | Q76: 424 | R76: 424 | S76: 424 | T76: 424 | U76: 424 | V76: 424 | W76: 424 | X76: 424 | Y76: 424 | Z76: 424 | AA76: 424 | AB76: 424 | AC76: 424 | AD76: 424 | AE76: 424 | AF76: 424 | AG76: 424 | AH76: 424 | AI76: 424 | AJ76: 424 | AK76: 424 | AL76: 424 | AM76: 424 | AN76: 424 | AO76: 424 | AP76: 424 | AQ76: 424 | AR76: 424 | AS76: 424 | AT76: 424 | AU76: 424 | AV76: 424 | AW76: 424 | AX76: 424 | AY76: 424 | AZ76: 424 | BA76: 424 | BB76: 424 | BC76: 424 | BD76: 424 | BE76: 424 | BF76: 424 | BG76: 424 | BH76: 424 | BI76: 424 | BJ76: 424
A77: 418.61 | B77: 420.34 | C77: 419.95 | D77: 420.6 | E77: 418.6 | F77: 419.9 | G77: 418.9 | H77: 419.7 | I77: 421.2 | J77: 420.44 | K77: 419.25 | L77: 419.96 | M77: 420.27 | N77: 420.36 | O77: 421.26 | P77: 421.3 | Q77: 420.12 | R77: 419.48 | S77: 421.4 | T77: 421.2 | U77: 421.2 | V77: 419.63 | W77: 420.1 | X77: 421.1 | Y77: 421.4 | Z77: 421.09 | AA77: 420.59 | AB77: 419.16 | AC77: 420.18 | AD77: 420.98 | AE77: 420.5 | AF77: 419.6 | AG77: 420.67 | AH77: 419.34 | AI77: 419.8 | AJ77: 420.53 | AK77: 419.37 | AL77: 420.56 | AM77: 420.32 | AN77: 419.68 | AO77: 420.14 | AP77: 418.37 | AQ77: 419.92 | AR77: 420.17 | AS77: 419.79 | AT77: 420.7 | AU77: 418.85 | AV77: 420.43 | AW77: 420.55 | AX77: 421.05 | AY77: 420.7 | AZ77: 418.44 | BA77: 421.33 | BB77: 420.55 | BC77: 420.31 | BD77: 420.78 | BE77: 418.89 | BF77: 420.32 | BG77: 420.28 | BH77: 420.76 | BI77: 419.3 | BJ77: 420.88
A78: PART_CEP_REP | B78: Part Model N - Cep Report | C78: PART02 | D78: Lower Sub-Assembly | E78: PART02_01L_X | F78: Lower Part Inboard LH Hole - Pos X | G78: Pos X | H78: 62
A79: 46169 | B79: 46169 | C79: 46169 | D79: 46169 | E79: 46170 | F79: 46170 | G79: 46171 | H79: 46171 | I79: 46171 | J79: 46171 | K79: 46172 | L79: 46172 | M79: 46172 | N79: 46174 | O79: 46174 | P79: 46174 | Q79: 46174 | R79: 46175 | S79: 46175 | T79: 46175 | U79: 46176 | V79: 46176 | W79: 46176 | X79: 46176 | Y79: 46176 | Z79: 46176 | AA79: 46176 | AB79: 46177 | AC79: 46178 | AD79: 46178 | AE79: 46178 | AF79: 46179 | AG79: 46180 | AH79: 46180 | AI79: 46180 | AJ79: 46180 | AK79: 46181 | AL79: 46181 | AM79: 46181 | AN79: 46181 | AO79: 46181 | AP79: 46182 | AQ79: 46182 | AR79: 46182 | AS79: 46182 | AT79: 46182 | AU79: 46183 | AV79: 46183 | AW79: 46183 | AX79: 46183 | AY79: 46183 | AZ79: 46184 | BA79: 46184 | BB79: 46184 | BC79: 46184 | BD79: 46184 | BE79: 46185 | BF79: 46185 | BG79: 46185 | BH79: 46185 | BI79: 46186 | BJ79: 46186
A80: 816948 | B80: 816987 | C80: 816998 | D80: 817092 | E80: 817353 | F80: 817441 | G80: 817773 | H80: 817861 | I80: 817943 | J80: 817985 | K80: 818214 | L80: 818254 | M80: 818291 | N80: 818439 | O80: 818580 | P80: 818627 | Q80: 818667 | R80: 818839 | S80: 818934 | T80: 819019 | U80: 819103 | V80: 819271 | W80: 819315 | X80: 819370 | Y80: 819445 | Z80: 819491 | AA80: 819533 | AB80: 819706 | AC80: 819995 | AD80: 820041 | AE80: 820088 | AF80: 820271 | AG80: 820495 | AH80: 820568 | AI80: 820630 | AJ80: 820670 | AK80: 820873 | AL80: 820921 | AM80: 820957 | AN80: 821024 | AO80: 821060 | AP80: 821288 | AQ80: 821319 | AR80: 821356 | AS80: 821451 | AT80: 821500 | AU80: 821710 | AV80: 821754 | AW80: 821805 | AX80: 821885 | AY80: 821931 | AZ80: 822143 | BA80: 822185 | BB80: 822236 | BC80: 822306 | BD80: 822352 | BE80: 822558 | BF80: 822647 | BG80: 822737 | BH80: 822777 | BI80: 823003 | BJ80: 823082
A81: -459.6 | B81: -459.6 | C81: -459.6 | D81: -459.6 | E81: -459.6 | F81: -459.6 | G81: -459.6 | H81: -459.6 | I81: -459.6 | J81: -459.6 | K81: -459.6 | L81: -459.6 | M81: -459.6 | N81: -459.6 | O81: -459.6 | P81: -459.6 | Q81: -459.6 | R81: -459.6 | S81: -459.6 | T81: -459.6 | U81: -459.6 | V81: -459.6 | W81: -459.6 | X81: -459.6 | Y81: -459.6 | Z81: -459.6 | AA81: -459.6 | AB81: -459.6 | AC81: -459.6 | AD81: -459.6 | AE81: -459.6 | AF81: -459.6 | AG81: -459.6 | AH81: -459.6 | AI81: -459.6 | AJ81: -459.6 | AK81: -459.6 | AL81: -459.6 | AM81: -459.6 | AN81: -459.6 | AO81: -459.6 | AP81: -459.6 | AQ81: -459.6 | AR81: -459.6 | AS81: -459.6 | AT81: -459.6 | AU81: -459.6 | AV81: -459.6 | AW81: -459.6 | AX81: -459.6 | AY81: -459.6 | AZ81: -459.6 | BA81: -459.6 | BB81: -459.6 | BC81: -459.6 | BD81: -459.6 | BE81: -459.6 | BF81: -459.6 | BG81: -459.6 | BH81: -459.6 | BI81: -459.6 | BJ81: -459.6
A82: -463.6 | B82: -463.6 | C82: -463.6 | D82: -463.6 | E82: -463.6 | F82: -463.6 | G82: -463.6 | H82: -463.6 | I82: -463.6 | J82: -463.6 | K82: -463.6 | L82: -463.6 | M82: -463.6 | N82: -463.6 | O82: -463.6 | P82: -463.6 | Q82: -463.6 | R82: -463.6 | S82: -463.6 | T82: -463.6 | U82: -463.6 | V82: -463.6 | W82: -463.6 | X82: -463.6 | Y82: -463.6 | Z82: -463.6 | AA82: -463.6 | AB82: -463.6 | AC82: -463.6 | AD82: -463.6 | AE82: -463.6 | AF82: -463.6 | AG82: -463.6 | AH82: -463.6 | AI82: -463.6 | AJ82: -463.6 | AK82: -463.6 | AL82: -463.6 | AM82: -463.6 | AN82: -463.6 | AO82: -463.6 | AP82: -463.6 | AQ82: -463.6 | AR82: -463.6 | AS82: -463.6 | AT82: -463.6 | AU82: -463.6 | AV82: -463.6 | AW82: -463.6 | AX82: -463.6 | AY82: -463.6 | AZ82: -463.6 | BA82: -463.6 | BB82: -463.6 | BC82: -463.6 | BD82: -463.6 | BE82: -463.6 | BF82: -463.6 | BG82: -463.6 | BH82: -463.6 | BI82: -463.6 | BJ82: -463.6
A83: -455.6 | B83: -455.6 | C83: -455.6 | D83: -455.6 | E83: -455.6 | F83: -455.6 | G83: -455.6 | H83: -455.6 | I83: -455.6 | J83: -455.6 | K83: -455.6 | L83: -455.6 | M83: -455.6 | N83: -455.6 | O83: -455.6 | P83: -455.6 | Q83: -455.6 | R83: -455.6 | S83: -455.6 | T83: -455.6 | U83: -455.6 | V83: -455.6 | W83: -455.6 | X83: -455.6 | Y83: -455.6 | Z83: -455.6 | AA83: -455.6 | AB83: -455.6 | AC83: -455.6 | AD83: -455.6 | AE83: -455.6 | AF83: -455.6 | AG83: -455.6 | AH83: -455.6 | AI83: -455.6 | AJ83: -455.6 | AK83: -455.6 | AL83: -455.6 | AM83: -455.6 | AN83: -455.6 | AO83: -455.6 | AP83: -455.6 | AQ83: -455.6 | AR83: -455.6 | AS83: -455.6 | AT83: -455.6 | AU83: -455.6 | AV83: -455.6 | AW83: -455.6 | AX83: -455.6 | AY83: -455.6 | AZ83: -455.6 | BA83: -455.6 | BB83: -455.6 | BC83: -455.6 | BD83: -455.6 | BE83: -455.6 | BF83: -455.6 | BG83: -455.6 | BH83: -455.6 | BI83: -455.6 | BJ83: -455.6
A84: -460.07 | B84: -460.24 | C84: -460.23 | D84: -459.9 | E84: -460.6 | F84: -460.5 | G84: -460.8 | H84: -460.3 | I84: -460.6 | J84: -460.34 | K84: -460.43 | L84: -460.35 | M84: -459.59 | N84: -460.31 | O84: -460.31 | P84: -460.68 | Q84: -460.39 | R84: -460.21 | S84: -461.1 | T84: -460.2 | U84: -461.3 | V84: -460.32 | W84: -461.1 | X84: -461.3 | Y84: -460.9 | Z84: -460.7 | AA84: -460.99 | AB84: -460.86 | AC84: -461.54 | AD84: -461.47 | AE84: -460.91 | AF84: -460.41 | AG84: -461.08 | AH84: -460.4 | AI84: -460.6 | AJ84: -461.37 | AK84: -460.78 | AL84: -460.45 | AM84: -460.18 | AN84: -460.57 | AO84: -460.49 | AP84: -461.04 | AQ84: -460.83 | AR84: -461.23 | AS84: -460.79 | AT84: -460.74 | AU84: -460.48 | AV84: -460.42 | AW84: -460.98 | AX84: -460.87 | AY84: -460.29 | AZ84: -460.65 | BA84: -461.27 | BB84: -461.05 | BC84: -460.5 | BD84: -461.35 | BE84: -460.79 | BF84: -461.13 | BG84: -461.22 | BH84: -462.02 | BI84: -460.89 | BJ84: -460.66
A85: PART_CEP_REP | B85: Part Model N - Cep Report | C85: PART02 | D85: Lower Sub-Assembly | E85: PART02_01L_Y | F85: Lower Part Inboard LH Hole - Pos Y | G85: Pos Y | H85: 62
A86: 46169 | B86: 46169 | C86: 46169 | D86: 46169 | E86: 46170 | F86: 46170 | G86: 46171 | H86: 46171 | I86: 46171 | J86: 46171 | K86: 46172 | L86: 46172 | M86: 46172 | N86: 46174 | O86: 46174 | P86: 46174 | Q86: 46174 | R86: 46175 | S86: 46175 | T86: 46175 | U86: 46176 | V86: 46176 | W86: 46176 | X86: 46176 | Y86: 46176 | Z86: 46176 | AA86: 46176 | AB86: 46177 | AC86: 46178 | AD86: 46178 | AE86: 46178 | AF86: 46179 | AG86: 46180 | AH86: 46180 | AI86: 46180 | AJ86: 46180 | AK86: 46181 | AL86: 46181 | AM86: 46181 | AN86: 46181 | AO86: 46181 | AP86: 46182 | AQ86: 46182 | AR86: 46182 | AS86: 46182 | AT86: 46182 | AU86: 46183 | AV86: 46183 | AW86: 46183 | AX86: 46183 | AY86: 46183 | AZ86: 46184 | BA86: 46184 | BB86: 46184 | BC86: 46184 | BD86: 46184 | BE86: 46185 | BF86: 46185 | BG86: 46185 | BH86: 46185 | BI86: 46186 | BJ86: 46186
A87: 816948 | B87: 816987 | C87: 816998 | D87: 817092 | E87: 817353 | F87: 817441 | G87: 817773 | H87: 817861 | I87: 817943 | J87: 817985 | K87: 818214 | L87: 818254 | M87: 818291 | N87: 818439 | O87: 818580 | P87: 818627 | Q87: 818667 | R87: 818839 | S87: 818934 | T87: 819019 | U87: 819103 | V87: 819271 | W87: 819315 | X87: 819370 | Y87: 819445 | Z87: 819491 | AA87: 819533 | AB87: 819706 | AC87: 819995 | AD87: 820041 | AE87: 820088 | AF87: 820271 | AG87: 820495 | AH87: 820568 | AI87: 820630 | AJ87: 820670 | AK87: 820873 | AL87: 820921 | AM87: 820957 | AN87: 821024 | AO87: 821060 | AP87: 821288 | AQ87: 821319 | AR87: 821356 | AS87: 821451 | AT87: 821500 | AU87: 821710 | AV87: 821754 | AW87: 821805 | AX87: 821885 | AY87: 821931 | AZ87: 822143 | BA87: 822185 | BB87: 822236 | BC87: 822306 | BD87: 822352 | BE87: 822558 | BF87: 822647 | BG87: 822737 | BH87: 822777 | BI87: 823003 | BJ87: 823082
A88: 1071.4 | B88: 1071.4 | C88: 1071.4 | D88: 1071.4 | E88: 1071.4 | F88: 1071.4 | G88: 1071.4 | H88: 1071.4 | I88: 1071.4 | J88: 1071.4 | K88: 1071.4 | L88: 1071.4 | M88: 1071.4 | N88: 1071.4 | O88: 1071.4 | P88: 1071.4 | Q88: 1071.4 | R88: 1071.4 | S88: 1071.4 | T88: 1071.4 | U88: 1071.4 | V88: 1071.4 | W88: 1071.4 | X88: 1071.4 | Y88: 1071.4 | Z88: 1071.4 | AA88: 1071.4 | AB88: 1071.4 | AC88: 1071.4 | AD88: 1071.4 | AE88: 1071.4 | AF88: 1071.4 | AG88: 1071.4 | AH88: 1071.4 | AI88: 1071.4 | AJ88: 1071.4 | AK88: 1071.4 | AL88: 1071.4 | AM88: 1071.4 | AN88: 1071.4 | AO88: 1071.4 | AP88: 1071.4 | AQ88: 1071.4 | AR88: 1071.4 | AS88: 1071.4 | AT88: 1071.4 | AU88: 1071.4 | AV88: 1071.4 | AW88: 1071.4 | AX88: 1071.4 | AY88: 1071.4 | AZ88: 1071.4 | BA88: 1071.4 | BB88: 1071.4 | BC88: 1071.4 | BD88: 1071.4 | BE88: 1071.4 | BF88: 1071.4 | BG88: 1071.4 | BH88: 1071.4 | BI88: 1071.4 | BJ88: 1071.4
A89: 1067.4 | B89: 1067.4 | C89: 1067.4 | D89: 1067.4 | E89: 1067.4 | F89: 1067.4 | G89: 1067.4 | H89: 1067.4 | I89: 1067.4 | J89: 1067.4 | K89: 1067.4 | L89: 1067.4 | M89: 1067.4 | N89: 1067.4 | O89: 1067.4 | P89: 1067.4 | Q89: 1067.4 | R89: 1067.4 | S89: 1067.4 | T89: 1067.4 | U89: 1067.4 | V89: 1067.4 | W89: 1067.4 | X89: 1067.4 | Y89: 1067.4 | Z89: 1067.4 | AA89: 1067.4 | AB89: 1067.4 | AC89: 1067.4 | AD89: 1067.4 | AE89: 1067.4 | AF89: 1067.4 | AG89: 1067.4 | AH89: 1067.4 | AI89: 1067.4 | AJ89: 1067.4 | AK89: 1067.4 | AL89: 1067.4 | AM89: 1067.4 | AN89: 1067.4 | AO89: 1067.4 | AP89: 1067.4 | AQ89: 1067.4 | AR89: 1067.4 | AS89: 1067.4 | AT89: 1067.4 | AU89: 1067.4 | AV89: 1067.4 | AW89: 1067.4 | AX89: 1067.4 | AY89: 1067.4 | AZ89: 1067.4 | BA89: 1067.4 | BB89: 1067.4 | BC89: 1067.4 | BD89: 1067.4 | BE89: 1067.4 | BF89: 1067.4 | BG89: 1067.4 | BH89: 1067.4 | BI89: 1067.4 | BJ89: 1067.4
A90: 1075.4 | B90: 1075.4 | C90: 1075.4 | D90: 1075.4 | E90: 1075.4 | F90: 1075.4 | G90: 1075.4 | H90: 1075.4 | I90: 1075.4 | J90: 1075.4 | K90: 1075.4 | L90: 1075.4 | M90: 1075.4 | N90: 1075.4 | O90: 1075.4 | P90: 1075.4 | Q90: 1075.4 | R90: 1075.4 | S90: 1075.4 | T90: 1075.4 | U90: 1075.4 | V90: 1075.4 | W90: 1075.4 | X90: 1075.4 | Y90: 1075.4 | Z90: 1075.4 | AA90: 1075.4 | AB90: 1075.4 | AC90: 1075.4 | AD90: 1075.4 | AE90: 1075.4 | AF90: 1075.4 | AG90: 1075.4 | AH90: 1075.4 | AI90: 1075.4 | AJ90: 1075.4 | AK90: 1075.4 | AL90: 1075.4 | AM90: 1075.4 | AN90: 1075.4 | AO90: 1075.4 | AP90: 1075.4 | AQ90: 1075.4 | AR90: 1075.4 | AS90: 1075.4 | AT90: 1075.4 | AU90: 1075.4 | AV90: 1075.4 | AW90: 1075.4 | AX90: 1075.4 | AY90: 1075.4 | AZ90: 1075.4 | BA90: 1075.4 | BB90: 1075.4 | BC90: 1075.4 | BD90: 1075.4 | BE90: 1075.4 | BF90: 1075.4 | BG90: 1075.4 | BH90: 1075.4 | BI90: 1075.4 | BJ90: 1075.4
A91: 1069.35 | B91: 1068.97 | C91: 1069.06 | D91: 1069.3 | E91: 1068.8 | F91: 1069 | G91: 1068.9 | H91: 1069.4 | I91: 1068.9 | J91: 1069.12 | K91: 1068.95 | L91: 1069.06 | M91: 1069.35 | N91: 1069.38 | O91: 1069.21 | P91: 1069.2 | Q91: 1069.29 | R91: 1069.52 | S91: 1068.9 | T91: 1069.2 | U91: 1069.2 | V91: 1069.19 | W91: 1069 | X91: 1069.4 | Y91: 1069.1 | Z91: 1069 | AA91: 1069.2 | AB91: 1068.99 | AC91: 1069.02 | AD91: 1069.02 | AE91: 1068.99 | AF91: 1069.65 | AG91: 1068.65 | AH91: 1069.35 | AI91: 1069.4 | AJ91: 1069 | AK91: 1069.28 | AL91: 1068.71 | AM91: 1068.79 | AN91: 1069.14 | AO91: 1069.05 | AP91: 1069.01 | AQ91: 1068.95 | AR91: 1069.1 | AS91: 1068.93 | AT91: 1069.31 | AU91: 1069.01 | AV91: 1069.04 | AW91: 1069.06 | AX91: 1068.98 | AY91: 1069.26 | AZ91: 1069.21 | BA91: 1068.44 | BB91: 1068.91 | BC91: 1069.1 | BD91: 1068.9 | BE91: 1069.19 | BF91: 1068.96 | BG91: 1069 | BH91: 1068.72 | BI91: 1068.61 | BJ91: 1069.09
A92: PART_CEP_REP | B92: Part Model N - Cep Report | C92: PART02 | D92: Lower Sub-Assembly | E92: PART02_01L_Z | F92: Lower Part Inboard LH Hole - Pos Z | G92: Pos Z | H92: 62
A93: 46169 | B93: 46169 | C93: 46169 | D93: 46169 | E93: 46170 | F93: 46170 | G93: 46171 | H93: 46171 | I93: 46171 | J93: 46171 | K93: 46172 | L93: 46172 | M93: 46172 | N93: 46174 | O93: 46174 | P93: 46174 | Q93: 46174 | R93: 46175 | S93: 46175 | T93: 46175 | U93: 46176 | V93: 46176 | W93: 46176 | X93: 46176 | Y93: 46176 | Z93: 46176 | AA93: 46176 | AB93: 46177 | AC93: 46178 | AD93: 46178 | AE93: 46178 | AF93: 46179 | AG93: 46180 | AH93: 46180 | AI93: 46180 | AJ93: 46180 | AK93: 46181 | AL93: 46181 | AM93: 46181 | AN93: 46181 | AO93: 46181 | AP93: 46182 | AQ93: 46182 | AR93: 46182 | AS93: 46182 | AT93: 46182 | AU93: 46183 | AV93: 46183 | AW93: 46183 | AX93: 46183 | AY93: 46183 | AZ93: 46184 | BA93: 46184 | BB93: 46184 | BC93: 46184 | BD93: 46184 | BE93: 46185 | BF93: 46185 | BG93: 46185 | BH93: 46185 | BI93: 46186 | BJ93: 46186
A94: 816948 | B94: 816987 | C94: 816998 | D94: 817092 | E94: 817353 | F94: 817441 | G94: 817773 | H94: 817861 | I94: 817943 | J94: 817985 | K94: 818214 | L94: 818254 | M94: 818291 | N94: 818439 | O94: 818580 | P94: 818627 | Q94: 818667 | R94: 818839 | S94: 818934 | T94: 819019 | U94: 819103 | V94: 819271 | W94: 819315 | X94: 819370 | Y94: 819445 | Z94: 819491 | AA94: 819533 | AB94: 819706 | AC94: 819995 | AD94: 820041 | AE94: 820088 | AF94: 820271 | AG94: 820495 | AH94: 820568 | AI94: 820630 | AJ94: 820670 | AK94: 820873 | AL94: 820921 | AM94: 820957 | AN94: 821024 | AO94: 821060 | AP94: 821288 | AQ94: 821319 | AR94: 821356 | AS94: 821451 | AT94: 821500 | AU94: 821710 | AV94: 821754 | AW94: 821805 | AX94: 821885 | AY94: 821931 | AZ94: 822143 | BA94: 822185 | BB94: 822236 | BC94: 822306 | BD94: 822352 | BE94: 822558 | BF94: 822647 | BG94: 822737 | BH94: 822777 | BI94: 823003 | BJ94: 823082
A95: 420 | B95: 420 | C95: 420 | D95: 420 | E95: 420 | F95: 420 | G95: 420 | H95: 420 | I95: 420 | J95: 420 | K95: 420 | L95: 420 | M95: 420 | N95: 420 | O95: 420 | P95: 420 | Q95: 420 | R95: 420 | S95: 420 | T95: 420 | U95: 420 | V95: 420 | W95: 420 | X95: 420 | Y95: 420 | Z95: 420 | AA95: 420 | AB95: 420 | AC95: 420 | AD95: 420 | AE95: 420 | AF95: 420 | AG95: 420 | AH95: 420 | AI95: 420 | AJ95: 420 | AK95: 420 | AL95: 420 | AM95: 420 | AN95: 420 | AO95: 420 | AP95: 420 | AQ95: 420 | AR95: 420 | AS95: 420 | AT95: 420 | AU95: 420 | AV95: 420 | AW95: 420 | AX95: 420 | AY95: 420 | AZ95: 420 | BA95: 420 | BB95: 420 | BC95: 420 | BD95: 420 | BE95: 420 | BF95: 420 | BG95: 420 | BH95: 420 | BI95: 420 | BJ95: 420
A96: 416 | B96: 416 | C96: 416 | D96: 416 | E96: 416 | F96: 416 | G96: 416 | H96: 416 | I96: 416 | J96: 416 | K96: 416 | L96: 416 | M96: 416 | N96: 416 | O96: 416 | P96: 416 | Q96: 416 | R96: 416 | S96: 416 | T96: 416 | U96: 416 | V96: 416 | W96: 416 | X96: 416 | Y96: 416 | Z96: 416 | AA96: 416 | AB96: 416 | AC96: 416 | AD96: 416 | AE96: 416 | AF96: 416 | AG96: 416 | AH96: 416 | AI96: 416 | AJ96: 416 | AK96: 416 | AL96: 416 | AM96: 416 | AN96: 416 | AO96: 416 | AP96: 416 | AQ96: 416 | AR96: 416 | AS96: 416 | AT96: 416 | AU96: 416 | AV96: 416 | AW96: 416 | AX96: 416 | AY96: 416 | AZ96: 416 | BA96: 416 | BB96: 416 | BC96: 416 | BD96: 416 | BE96: 416 | BF96: 416 | BG96: 416 | BH96: 416 | BI96: 416 | BJ96: 416
A97: 424 | B97: 424 | C97: 424 | D97: 424 | E97: 424 | F97: 424 | G97: 424 | H97: 424 | I97: 424 | J97: 424 | K97: 424 | L97: 424 | M97: 424 | N97: 424 | O97: 424 | P97: 424 | Q97: 424 | R97: 424 | S97: 424 | T97: 424 | U97: 424 | V97: 424 | W97: 424 | X97: 424 | Y97: 424 | Z97: 424 | AA97: 424 | AB97: 424 | AC97: 424 | AD97: 424 | AE97: 424 | AF97: 424 | AG97: 424 | AH97: 424 | AI97: 424 | AJ97: 424 | AK97: 424 | AL97: 424 | AM97: 424 | AN97: 424 | AO97: 424 | AP97: 424 | AQ97: 424 | AR97: 424 | AS97: 424 | AT97: 424 | AU97: 424 | AV97: 424 | AW97: 424 | AX97: 424 | AY97: 424 | AZ97: 424 | BA97: 424 | BB97: 424 | BC97: 424 | BD97: 424 | BE97: 424 | BF97: 424 | BG97: 424 | BH97: 424 | BI97: 424 | BJ97: 424
A98: 419.9 | B98: 421.94 | C98: 420.6 | D98: 421.9 | E98: 419.8 | F98: 421.4 | G98: 419.3 | H98: 422.1 | I98: 422.2 | J98: 421.66 | K98: 420.29 | L98: 421.82 | M98: 422.23 | N98: 421.5 | O98: 421.09 | P98: 420.49 | Q98: 420.79 | R98: 420.69 | S98: 421.5 | T98: 420.9 | U98: 421.7 | V98: 419.96 | W98: 421.8 | X98: 421.5 | Y98: 422.1 | Z98: 420.91 | AA98: 421.57 | AB98: 420.2 | AC98: 421.33 | AD98: 421.34 | AE98: 421.51 | AF98: 420.54 | AG98: 420.95 | AH98: 421.52 | AI98: 421.8 | AJ98: 422.09 | AK98: 419.84 | AL98: 421.22 | AM98: 420.96 | AN98: 421.22 | AO98: 420.98 | AP98: 421.62 | AQ98: 421.37 | AR98: 422.2 | AS98: 422.02 | AT98: 422.52 | AU98: 419.99 | AV98: 422.28 | AW98: 421.27 | AX98: 422.23 | AY98: 422.6 | AZ98: 421.16 | BA98: 421.54 | BB98: 421 | BC98: 422.02 | BD98: 422.3 | BE98: 420.75 | BF98: 421.7 | BG98: 421.91 | BH98: 421.84 | BI98: 420.1 | BJ98: 421.46
A99: PART_CEP_REP | B99: Part Model N - Cep Report | C99: PART02 | D99: Lower Sub-Assembly | E99: PART02_01R_X | F99: Lower Part Inboard RH Hole - Pos X | G99: Pos X | H99: 62
A100: 46169 | B100: 46169 | C100: 46169 | D100: 46169 | E100: 46170 | F100: 46170 | G100: 46171 | H100: 46171 | I100: 46171 | J100: 46171 | K100: 46172 | L100: 46172 | M100: 46172 | N100: 46174 | O100: 46174 | P100: 46174 | Q100: 46174 | R100: 46175 | S100: 46175 | T100: 46175 | U100: 46176 | V100: 46176 | W100: 46176 | X100: 46176 | Y100: 46176 | Z100: 46176 | AA100: 46176 | AB100: 46177 | AC100: 46178 | AD100: 46178 | AE100: 46178 | AF100: 46179 | AG100: 46180 | AH100: 46180 | AI100: 46180 | AJ100: 46180 | AK100: 46181 | AL100: 46181 | AM100: 46181 | AN100: 46181 | AO100: 46181 | AP100: 46182 | AQ100: 46182 | AR100: 46182 | AS100: 46182 | AT100: 46182 | AU100: 46183 | AV100: 46183 | AW100: 46183 | AX100: 46183 | AY100: 46183 | AZ100: 46184 | BA100: 46184 | BB100: 46184 | BC100: 46184 | BD100: 46184 | BE100: 46185 | BF100: 46185 | BG100: 46185 | BH100: 46185 | BI100: 46186 | BJ100: 46186
...
