Workbook

Sheet report
A2: =data!B2 -> Frame Model N Report
B4: Date: | C4: =data!E2 -> 07/06/2026 | D4: Time: | E4: =data!F2 -> 17:41:35 | H4: Part Id: | I4: =data!G2 -> 51100-KKA44 | K4: Part Number: | L4: =data!H2 -> 820670
A5: Report image
B6: accuracy | C6: =(COUNTIF(Y:Y,"=TRUE*")-COUNTIF(X:X,"=TRUE")) / COUNTIF(Y:Y,"=TRUE*") -> 0.95275591 | K6: condition | L6: =IF(COUNTIF(AB:AB,"=TRUE")>0,1,0) -> 0
A8: =INDEX(data!D:D,MATCH(OFFSET(INDIRECT("RC",FALSE),3,0),data!I:I,0)) -> Front Bumper
A9: Group Image
A10: Feature Id | B10: Axis | C10: Value | D10: Nominal | E10: LIE | F10: LSE | G10: Deviation | H10: Judge | I10: OOT | J10: Description | X10: NG on Accuracy | Y10: On Accuracy | Z10: LIE (internal) | AA10: LSE (internal) | AB10: Is Rejected
A11: FA01_01R_X | B11: =VLOOKUP(A11,data!I:S,2,FALSE) -> Pos X | C11: =TRUNC(VLOOKUP(A11,data!I:S,3,FALSE),1) -> 227.8 | D11: =TRUNC(VLOOKUP(A11,data!I:S,4,FALSE),1) -> 226.2 | E11: =VLOOKUP(A11,data!I:S,5,FALSE) -> -3 | F11: =VLOOKUP(A11,data!I:S,6,FALSE) -> 3 | G11: =C11-D11 -> 1.6 | H11: =IF(OR(G11<E11,G11>F11),1,0) -> 0 | I11: =IF(H11=1,IF(G11<E11,G11-E11,G11-F11),"") | J11: =VLOOKUP(A11,data!I:S,9,FALSE) -> Inboard Nut RH - Pos X | X11: =IF(AND(H11=1,Y11="TRUE"),TRUE,"") | Y11: =VLOOKUP(A11,data!I:S,10,FALSE) -> TRUE | Z11: =VLOOKUP(A11,data!I:S,7,FALSE) -> -4.5 | AA11: =VLOOKUP(A11,data!I:S,8,FALSE) -> 4.5 | AB11: =IF(OR(G11<Z11,G11>AA11),TRUE,FALSE) -> FALSE
A12: FA01_01R_Y | B12: =VLOOKUP(A12,data!I:S,2,FALSE) -> Pos Y | C12: =TRUNC(VLOOKUP(A12,data!I:S,3,FALSE),1) -> 327.3 | D12: =TRUNC(VLOOKUP(A12,data!I:S,4,FALSE),1) -> 326 | E12: =VLOOKUP(A12,data!I:S,5,FALSE) -> -3 | F12: =VLOOKUP(A12,data!I:S,6,FALSE) -> 3 | G12: =C12-D12 -> 1.3 | H12: =IF(OR(G12<E12,G12>F12),1,0) -> 0 | I12: =IF(H12=1,IF(G12<E12,G12-E12,G12-F12),"") | J12: =VLOOKUP(A12,data!I:S,9,FALSE) -> Inboard Nut RH - Pos Y | X12: =IF(AND(H12=1,Y12="TRUE"),TRUE,"") | Y12: =VLOOKUP(A12,data!I:S,10,FALSE) -> TRUE | Z12: =VLOOKUP(A12,data!I:S,7,FALSE) -> -4.5 | AA12: =VLOOKUP(A12,data!I:S,8,FALSE) -> 4.5 | AB12: =IF(OR(G12<Z12,G12>AA12),TRUE,FALSE) -> FALSE
A13: FA01_01R_Z | B13: =VLOOKUP(A13,data!I:S,2,FALSE) -> Pos Z | C13: =TRUNC(VLOOKUP(A13,data!I:S,3,FALSE),1) -> 988.5 | D13: =TRUNC(VLOOKUP(A13,data!I:S,4,FALSE),1) -> 990.2 | E13: =VLOOKUP(A13,data!I:S,5,FALSE) -> -3 | F13: =VLOOKUP(A13,data!I:S,6,FALSE) -> 3 | G13: =C13-D13 -> -1.7 | H13: =IF(OR(G13<E13,G13>F13),1,0) -> 0 | I13: =IF(H13=1,IF(G13<E13,G13-E13,G13-F13),"") | J13: =VLOOKUP(A13,data!I:S,9,FALSE) -> Inboard Nut RH - Pos Z | X13: =IF(AND(H13=1,Y13="TRUE"),TRUE,"") | Y13: =VLOOKUP(A13,data!I:S,10,FALSE) -> TRUE | Z13: =VLOOKUP(A13,data!I:S,7,FALSE) -> -4.5 | AA13: =VLOOKUP(A13,data!I:S,8,FALSE) -> 4.5 | AB13: =IF(OR(G13<Z13,G13>AA13),TRUE,FALSE) -> FALSE
A14: FA01_02R_X | B14: =VLOOKUP(A14,data!I:S,2,FALSE) -> Pos X | C14: =TRUNC(VLOOKUP(A14,data!I:S,3,FALSE),1) -> 228.4 | D14: =TRUNC(VLOOKUP(A14,data!I:S,4,FALSE),1) -> 226.2 | E14: =VLOOKUP(A14,data!I:S,5,FALSE) -> -3 | F14: =VLOOKUP(A14,data!I:S,6,FALSE) -> 3 | G14: =C14-D14 -> 2.2 | H14: =IF(OR(G14<E14,G14>F14),1,0) -> 0 | I14: =IF(H14=1,IF(G14<E14,G14-E14,G14-F14),"") | J14: =VLOOKUP(A14,data!I:S,9,FALSE) -> Outboard Nut RH - Pos X | X14: =IF(AND(H14=1,Y14="TRUE"),TRUE,"") | Y14: =VLOOKUP(A14,data!I:S,10,FALSE) -> TRUE | Z14: =VLOOKUP(A14,data!I:S,7,FALSE) -> -4.5 | AA14: =VLOOKUP(A14,data!I:S,8,FALSE) -> 4.5 | AB14: =IF(OR(G14<Z14,G14>AA14),TRUE,FALSE) -> FALSE
A15: FA01_02R_Y | B15: =VLOOKUP(A15,data!I:S,2,FALSE) -> Pos Y | C15: =TRUNC(VLOOKUP(A15,data!I:S,3,FALSE),1) -> 449.7 | D15: =TRUNC(VLOOKUP(A15,data!I:S,4,FALSE),1) -> 449 | E15: =VLOOKUP(A15,data!I:S,5,FALSE) -> -3 | F15: =VLOOKUP(A15,data!I:S,6,FALSE) -> 3 | G15: =C15-D15 -> 0.7 | H15: =IF(OR(G15<E15,G15>F15),1,0) -> 0 | I15: =IF(H15=1,IF(G15<E15,G15-E15,G15-F15),"") | J15: =VLOOKUP(A15,data!I:S,9,FALSE) -> Outboard Nut RH - Pos Y | X15: =IF(AND(H15=1,Y15="TRUE"),TRUE,"") | Y15: =VLOOKUP(A15,data!I:S,10,FALSE) -> TRUE | Z15: =VLOOKUP(A15,data!I:S,7,FALSE) -> -4.5 | AA15: =VLOOKUP(A15,data!I:S,8,FALSE) -> 4.5 | AB15: =IF(OR(G15<Z15,G15>AA15),TRUE,FALSE) -> FALSE
A16: FA01_02R_Z | B16: =VLOOKUP(A16,data!I:S,2,FALSE) -> Pos Z | C16: =TRUNC(VLOOKUP(A16,data!I:S,3,FALSE),1) -> 1051.1 | D16: =TRUNC(VLOOKUP(A16,data!I:S,4,FALSE),1) -> 1052.3 | E16: =VLOOKUP(A16,data!I:S,5,FALSE) -> -3 | F16: =VLOOKUP(A16,data!I:S,6,FALSE) -> 3 | G16: =C16-D16 -> -1.2 | H16: =IF(OR(G16<E16,G16>F16),1,0) -> 0 | I16: =IF(H16=1,IF(G16<E16,G16-E16,G16-F16),"") | J16: =VLOOKUP(A16,data!I:S,9,FALSE) -> Outboard Nut RH - Pos Z | X16: =IF(AND(H16=1,Y16="TRUE"),TRUE,"") | Y16: =VLOOKUP(A16,data!I:S,10,FALSE) -> TRUE | Z16: =VLOOKUP(A16,data!I:S,7,FALSE) -> -4.5 | AA16: =VLOOKUP(A16,data!I:S,8,FALSE) -> 4.5 | AB16: =IF(OR(G16<Z16,G16>AA16),TRUE,FALSE) -> FALSE
A17: FA01_01L_X | B17: =VLOOKUP(A17,data!I:S,2,FALSE) -> Pos X | C17: =TRUNC(VLOOKUP(A17,data!I:S,3,FALSE),1) -> 226.6 | D17: =TRUNC(VLOOKUP(A17,data!I:S,4,FALSE),1) -> 226.2 | E17: =VLOOKUP(A17,data!I:S,5,FALSE) -> -3 | F17: =VLOOKUP(A17,data!I:S,6,FALSE) -> 3 | G17: =C17-D17 -> 0.4 | H17: =IF(OR(G17<E17,G17>F17),1,0) -> 0 | I17: =IF(H17=1,IF(G17<E17,G17-E17,G17-F17),"") | J17: =VLOOKUP(A17,data!I:S,9,FALSE) -> Inboard Nut LH - Pos X | X17: =IF(AND(H17=1,Y17="TRUE"),TRUE,"") | Y17: =VLOOKUP(A17,data!I:S,10,FALSE) -> TRUE | Z17: =VLOOKUP(A17,data!I:S,7,FALSE) -> -4.5 | AA17: =VLOOKUP(A17,data!I:S,8,FALSE) -> 4.5 | AB17: =IF(OR(G17<Z17,G17>AA17),TRUE,FALSE) -> FALSE
A18: FA01_01L_Y | B18: =VLOOKUP(A18,data!I:S,2,FALSE) -> Pos Y | C18: =TRUNC(VLOOKUP(A18,data!I:S,3,FALSE),1) -> -328.5 | D18: =TRUNC(VLOOKUP(A18,data!I:S,4,FALSE),1) -> -326 | E18: =VLOOKUP(A18,data!I:S,5,FALSE) -> -3 | F18: =VLOOKUP(A18,data!I:S,6,FALSE) -> 3 | G18: =C18-D18 -> -2.5 | H18: =IF(OR(G18<E18,G18>F18),1,0) -> 0 | I18: =IF(H18=1,IF(G18<E18,G18-E18,G18-F18),"") | J18: =VLOOKUP(A18,data!I:S,9,FALSE) -> Inboard Nut LH - Pos Y | X18: =IF(AND(H18=1,Y18="TRUE"),TRUE,"") | Y18: =VLOOKUP(A18,data!I:S,10,FALSE) -> TRUE | Z18: =VLOOKUP(A18,data!I:S,7,FALSE) -> -4.5 | AA18: =VLOOKUP(A18,data!I:S,8,FALSE) -> 4.5 | AB18: =IF(OR(G18<Z18,G18>AA18),TRUE,FALSE) -> FALSE
A19: FA01_01L_Z | B19: =VLOOKUP(A19,data!I:S,2,FALSE) -> Pos Z | C19: =TRUNC(VLOOKUP(A19,data!I:S,3,FALSE),1) -> 989.1 | D19: =TRUNC(VLOOKUP(A19,data!I:S,4,FALSE),1) -> 990.2 | E19: =VLOOKUP(A19,data!I:S,5,FALSE) -> -3 | F19: =VLOOKUP(A19,data!I:S,6,FALSE) -> 3 | G19: =C19-D19 -> -1.1 | H19: =IF(OR(G19<E19,G19>F19),1,0) -> 0 | I19: =IF(H19=1,IF(G19<E19,G19-E19,G19-F19),"") | J19: =VLOOKUP(A19,data!I:S,9,FALSE) -> Inboard Nut LH - Pos Z | X19: =IF(AND(H19=1,Y19="TRUE"),TRUE,"") | Y19: =VLOOKUP(A19,data!I:S,10,FALSE) -> TRUE | Z19: =VLOOKUP(A19,data!I:S,7,FALSE) -> -4.5 | AA19: =VLOOKUP(A19,data!I:S,8,FALSE) -> 4.5 | AB19: =IF(OR(G19<Z19,G19>AA19),TRUE,FALSE) -> FALSE
A20: FA01_02L_X | B20: =VLOOKUP(A20,data!I:S,2,FALSE) -> Pos X | C20: =TRUNC(VLOOKUP(A20,data!I:S,3,FALSE),1) -> 226.7 | D20: =TRUNC(VLOOKUP(A20,data!I:S,4,FALSE),1) -> 226.2 | E20: =VLOOKUP(A20,data!I:S,5,FALSE) -> -3 | F20: =VLOOKUP(A20,data!I:S,6,FALSE) -> 3 | G20: =C20-D20 -> 0.5 | H20: =IF(OR(G20<E20,G20>F20),1,0) -> 0 | I20: =IF(H20=1,IF(G20<E20,G20-E20,G20-F20),"") | J20: =VLOOKUP(A20,data!I:S,9,FALSE) -> Outboard Nut LH - Pos X | X20: =IF(AND(H20=1,Y20="TRUE"),TRUE,"") | Y20: =VLOOKUP(A20,data!I:S,10,FALSE) -> TRUE | Z20: =VLOOKUP(A20,data!I:S,7,FALSE) -> -4.5 | AA20: =VLOOKUP(A20,data!I:S,8,FALSE) -> 4.5 | AB20: =IF(OR(G20<Z20,G20>AA20),TRUE,FALSE) -> FALSE
A21: FA01_02L_Y | B21: =VLOOKUP(A21,data!I:S,2,FALSE) -> Pos Y | C21: =TRUNC(VLOOKUP(A21,data!I:S,3,FALSE),1) -> -451.2 | D21: =TRUNC(VLOOKUP(A21,data!I:S,4,FALSE),1) -> -449 | E21: =VLOOKUP(A21,data!I:S,5,FALSE) -> -3 | F21: =VLOOKUP(A21,data!I:S,6,FALSE) -> 3 | G21: =C21-D21 -> -2.2 | H21: =IF(OR(G21<E21,G21>F21),1,0) -> 0 | I21: =IF(H21=1,IF(G21<E21,G21-E21,G21-F21),"") | J21: =VLOOKUP(A21,data!I:S,9,FALSE) -> Outboard Nut LH - Pos Y | X21: =IF(AND(H21=1,Y21="TRUE"),TRUE,"") | Y21: =VLOOKUP(A21,data!I:S,10,FALSE) -> TRUE | Z21: =VLOOKUP(A21,data!I:S,7,FALSE) -> -4.5 | AA21: =VLOOKUP(A21,data!I:S,8,FALSE) -> 4.5 | AB21: =IF(OR(G21<Z21,G21>AA21),TRUE,FALSE) -> FALSE
A22: FA01_02L_Z | B22: =VLOOKUP(A22,data!I:S,2,FALSE) -> Pos Z | C22: =TRUNC(VLOOKUP(A22,data!I:S,3,FALSE),1) -> 1050.7 | D22: =TRUNC(VLOOKUP(A22,data!I:S,4,FALSE),1) -> 1052.3 | E22: =VLOOKUP(A22,data!I:S,5,FALSE) -> -3 | F22: =VLOOKUP(A22,data!I:S,6,FALSE) -> 3 | G22: =C22-D22 -> -1.6 | H22: =IF(OR(G22<E22,G22>F22),1,0) -> 0 | I22: =IF(H22=1,IF(G22<E22,G22-E22,G22-F22),"") | J22: =VLOOKUP(A22,data!I:S,9,FALSE) -> Outboard Nut LH - Pos Z | X22: =IF(AND(H22=1,Y22="TRUE"),TRUE,"") | Y22: =VLOOKUP(A22,data!I:S,10,FALSE) -> TRUE | Z22: =VLOOKUP(A22,data!I:S,7,FALSE) -> -4.5 | AA22: =VLOOKUP(A22,data!I:S,8,FALSE) -> 4.5 | AB22: =IF(OR(G22<Z22,G22>AA22),TRUE,FALSE) -> FALSE
... A33: FA01_P3L_Z | B33: =VLOOKUP(A33,data!I:S,2,FALSE) -> Dist Z | C33: =TRUNC(VLOOKUP(A33,data!I:S,3,FALSE),1) -> 79.8 | D33: =TRUNC(VLOOKUP(A33,data!I:S,4,FALSE),1) -> 81.2 | E33: =VLOOKUP(A33,data!I:S,5,FALSE) -> -4 | F33: =VLOOKUP(A33,data!I:S,6,FALSE) -> 4 | G33: =C33-D33 -> -1.4 | H33: =IF(OR(G33<E33,G33>F33),1,0) -> 0 | I33: =IF(H33=1,IF(G33<E33,G33-E33,G33-F33),"") | J33: =VLOOKUP(A33,data!I:S,9,FALSE) -> Inboard Nut vs Cab # 1 LH - H-Pitch | X33: =IF(AND(H33=1,Y33="TRUE"),TRUE,"") | Y33: =VLOOKUP(A33,data!I:S,10,FALSE) -> TRUE | Z33: =VLOOKUP(A33,data!I:S,7,FALSE) -> -8 | AA33: =VLOOKUP(A33,data!I:S,8,FALSE) -> 8 | AB33: =IF(OR(G33<Z33,G33>AA33),TRUE,FALSE) -> FALSE
A34: =INDEX(data!D:D,MATCH(OFFSET(INDIRECT("RC",FALSE),3,0),data!I:I,0)) -> Cabs Mount (D-Cab - Cab#2 HPS)
A35: Group Image
A36: Feature Id | B36: Axis | C36: Value | D36: Nominal | E36: LIE | F36: LSE | G36: Deviation | H36: Judge | I36: OOT | J36: Description | X36: NG on Accuracy | Y36: On Accuracy | Z36: LIE (internal) | AA36: LSE (internal) | AB36: Is Rejected
A37: FA02_01R_X | B37: =VLOOKUP(A37,data!I:S,2,FALSE) -> Pos X | C37: =TRUNC(VLOOKUP(A37,data!I:S,3,FALSE),1) -> 422 | D37: =TRUNC(VLOOKUP(A37,data!I:S,4,FALSE),1) -> 420 | E37: =VLOOKUP(A37,data!I:S,5,FALSE) -> -4 | F37: =VLOOKUP(A37,data!I:S,6,FALSE) -> 4 | G37: =C37-D37 -> 2 | H37: =IF(OR(G37<E37,G37>F37),1,0) -> 0 | I37: =IF(H37=1,IF(G37<E37,G37-E37,G37-F37),"") | J37: =VLOOKUP(A37,data!I:S,9,FALSE) -> Cab # 1 RH - Pos X | X37: =IF(AND(H37=1,Y37="TRUE"),TRUE,"") | Y37: =VLOOKUP(A37,data!I:S,10,FALSE) -> TRUE | Z37: =VLOOKUP(A37,data!I:S,7,FALSE) -> -8 | AA37: =VLOOKUP(A37,data!I:S,8,FALSE) -> 8 | AB37: =IF(OR(G37<Z37,G37>AA37),TRUE,FALSE) -> FALSE
A38: FA02_01R_Y | B38: =VLOOKUP(A38,data!I:S,2,FALSE) -> Pos Y | C38: =TRUNC(VLOOKUP(A38,data!I:S,3,FALSE),1) -> 459.7 | D38: =TRUNC(VLOOKUP(A38,data!I:S,4,FALSE),1) -> 459.6 | E38: =VLOOKUP(A38,data!I:S,5,FALSE) -> -4 | F38: =VLOOKUP(A38,data!I:S,6,FALSE) -> 4 | G38: =C38-D38 -> 0.1 | H38: =IF(OR(G38<E38,G38>F38),1,0) -> 0 | I38: =IF(H38=1,IF(G38<E38,G38-E38,G38-F38),"") | J38: =VLOOKUP(A38,data!I:S,9,FALSE) -> Cab # 1 RH - Pos Y | X38: =IF(AND(H38=1,Y38="TRUE"),TRUE,"") | Y38: =VLOOKUP(A38,data!I:S,10,FALSE) -> TRUE | Z38: =VLOOKUP(A38,data!I:S,7,FALSE) -> -8 | AA38: =VLOOKUP(A38,data!I:S,8,FALSE) -> 8 | AB38: =IF(OR(G38<Z38,G38>AA38),TRUE,FALSE) -> FALSE
A39: FA02_01R_Z | B39: =VLOOKUP(A39,data!I:S,2,FALSE) -> Pos Z | C39: =TRUNC(VLOOKUP(A39,data!I:S,3,FALSE),1) -> 1070.3 | D39: =TRUNC(VLOOKUP(A39,data!I:S,4,FALSE),1) -> 1071.4 | E39: =VLOOKUP(A39,data!I:S,5,FALSE) -> -4 | F39: =VLOOKUP(A39,data!I:S,6,FALSE) -> 4 | G39: =C39-D39 -> -1.1 | H39: =IF(OR(G39<E39,G39>F39),1,0) -> 0 | I39: =IF(H39=1,IF(G39<E39,G39-E39,G39-F39),"") | J39: =VLOOKUP(A39,data!I:S,9,FALSE) -> Cab # 1 RH - Pos Z | X39: =IF(AND(H39=1,Y39="TRUE"),TRUE,"") | Y39: =VLOOKUP(A39,data!I:S,10,FALSE) -> TRUE | Z39: =VLOOKUP(A39,data!I:S,7,FALSE) -> -8 | AA39: =VLOOKUP(A39,data!I:S,8,FALSE) -> 8 | AB39: =IF(OR(G39<Z39,G39>AA39),TRUE,FALSE) -> FALSE
A40: FA02_02R_X | B40: =VLOOKUP(A40,data!I:S,2,FALSE) -> Pos X | C40: =TRUNC(VLOOKUP(A40,data!I:S,3,FALSE),1) -> 1526.7 | D40: =TRUNC(VLOOKUP(A40,data!I:S,4,FALSE),1) -> 1527.1 | E40: =VLOOKUP(A40,data!I:S,5,FALSE) -> -4 | F40: =VLOOKUP(A40,data!I:S,6,FALSE) -> 4 | G40: =C40-D40 -> -0.4 | H40: =IF(OR(G40<E40,G40>F40),1,0) -> 0 | I40: =IF(H40=1,IF(G40<E40,G40-E40,G40-F40),"") | J40: =VLOOKUP(A40,data!I:S,9,FALSE) -> Cab # 2 RH - Pos X | X40: =IF(AND(H40=1,Y40="TRUE"),TRUE,"") | Y40: =VLOOKUP(A40,data!I:S,10,FALSE) -> TRUE | Z40: =VLOOKUP(A40,data!I:S,7,FALSE) -> -8 | AA40: =VLOOKUP(A40,data!I:S,8,FALSE) -> 8 | AB40: =IF(OR(G40<Z40,G40>AA40),TRUE,FALSE) -> FALSE
A41: FA02_02R_Y | B41: =VLOOKUP(A41,data!I:S,2,FALSE) -> Pos Y | C41: =TRUNC(VLOOKUP(A41,data!I:S,3,FALSE),1) -> 620.6 | D41: =TRUNC(VLOOKUP(A41,data!I:S,4,FALSE),1) -> 620.4 | E41: =VLOOKUP(A41,data!I:S,5,FALSE) -> -4 | F41: =VLOOKUP(A41,data!I:S,6,FALSE) -> 4 | G41: =C41-D41 -> 0.2 | H41: =IF(OR(G41<E41,G41>F41),1,0) -> 0 | I41: =IF(H41=1,IF(G41<E41,G41-E41,G41-F41),"") | J41: =VLOOKUP(A41,data!I:S,9,FALSE) -> Cab # 2 RH - Pos Y | X41: =IF(AND(H41=1,Y41="TRUE"),TRUE,"") | Y41: =VLOOKUP(A41,data!I:S,10,FALSE) -> TRUE | Z41: =VLOOKUP(A41,data!I:S,7,FALSE) -> -8 | AA41: =VLOOKUP(A41,data!I:S,8,FALSE) -> 8 | AB41: =IF(OR(G41<Z41,G41>AA41),TRUE,FALSE) -> FALSE
A42: FA02_02R_Z | B42: =VLOOKUP(A42,data!I:S,2,FALSE) -> Pos Z | C42: =TRUNC(VLOOKUP(A42,data!I:S,3,FALSE),1) -> 918.8 | D42: =TRUNC(VLOOKUP(A42,data!I:S,4,FALSE),1) -> 918 | E42: =VLOOKUP(A42,data!I:S,5,FALSE) -> -4 | F42: =VLOOKUP(A42,data!I:S,6,FALSE) -> 4 | G42: =C42-D42 -> 0.8 | H42: =IF(OR(G42<E42,G42>F42),1,0) -> 0 | I42: =IF(H42=1,IF(G42<E42,G42-E42,G42-F42),"") | J42: =VLOOKUP(A42,data!I:S,9,FALSE) -> Cab # 2 RH - Pos Z | X42: =IF(AND(H42=1,Y42="TRUE"),TRUE,"") | Y42: =VLOOKUP(A42,data!I:S,10,FALSE) -> TRUE | Z42: =VLOOKUP(A42,data!I:S,7,FALSE) -> -8 | AA42: =VLOOKUP(A42,data!I:S,8,FALSE) -> 8 | AB42: =IF(OR(G42<Z42,G42>AA42),TRUE,FALSE) -> FALSE
A43: FA02_01L_X | B43: =VLOOKUP(A43,data!I:S,2,FALSE) -> Pos X | C43: =TRUNC(VLOOKUP(A43,data!I:S,3,FALSE),1) -> 420.5 | D43: =TRUNC(VLOOKUP(A43,data!I:S,4,FALSE),1) -> 420 | E43: =VLOOKUP(A43,data!I:S,5,FALSE) -> -4 | F43: =VLOOKUP(A43,data!I:S,6,FALSE) -> 4 | G43: =C43-D43 -> 0.5 | H43: =IF(OR(G43<E43,G43>F43),1,0) -> 0 | I43: =IF(H43=1,IF(G43<E43,G43-E43,G43-F43),"") | J43: =VLOOKUP(A43,data!I:S,9,FALSE) -> Cab # 1 LH - Pos X | X43: =IF(AND(H43=1,Y43="TRUE"),TRUE,"") | Y43: =VLOOKUP(A43,data!I:S,10,FALSE) -> TRUE | Z43: =VLOOKUP(A43,data!I:S,7,FALSE) -> -8 | AA43: =VLOOKUP(A43,data!I:S,8,FALSE) -> 8 | AB43: =IF(OR(G43<Z43,G43>AA43),TRUE,FALSE) -> FALSE
A44: FA02_01L_Y | B44: =VLOOKUP(A44,data!I:S,2,FALSE) -> Pos Y | C44: =TRUNC(VLOOKUP(A44,data!I:S,3,FALSE),1) -> -461.3 | D44: =TRUNC(VLOOKUP(A44,data!I:S,4,FALSE),1) -> -459.6 | E44: =VLOOKUP(A44,data!I:S,5,FALSE) -> -4 | F44: =VLOOKUP(A44,data!I:S,6,FALSE) -> 4 | G44: =C44-D44 -> -1.7 | H44: =IF(OR(G44<E44,G44>F44),1,0) -> 0 | I44: =IF(H44=1,IF(G44<E44,G44-E44,G44-F44),"") | J44: =VLOOKUP(A44,data!I:S,9,FALSE) -> Cab # 1 LH - Pos Y | X44: =IF(AND(H44=1,Y44="TRUE"),TRUE,"") | Y44: =VLOOKUP(A44,data!I:S,10,FALSE) -> TRUE | Z44: =VLOOKUP(A44,data!I:S,7,FALSE) -> -8 | AA44: =VLOOKUP(A44,data!I:S,8,FALSE) -> 8 | AB44: =IF(OR(G44<Z44,G44>AA44),TRUE,FALSE) -> FALSE
A45: FA02_01L_Z | B45: =VLOOKUP(A45,data!I:S,2,FALSE) -> Pos Z | C45: =TRUNC(VLOOKUP(A45,data!I:S,3,FALSE),1) -> 1069 | D45: =TRUNC(VLOOKUP(A45,data!I:S,4,FALSE),1) -> 1071.4 | E45: =VLOOKUP(A45,data!I:S,5,FALSE) -> -4 | F45: =VLOOKUP(A45,data!I:S,6,FALSE) -> 4 | G45: =C45-D45 -> -2.4 | H45: =IF(OR(G45<E45,G45>F45),1,0) -> 0 | I45: =IF(H45=1,IF(G45<E45,G45-E45,G45-F45),"") | J45: =VLOOKUP(A45,data!I:S,9,FALSE) -> Cab # 1 LH - Pos Z | X45: =IF(AND(H45=1,Y45="TRUE"),TRUE,"") | Y45: =VLOOKUP(A45,data!I:S,10,FALSE) -> TRUE | Z45: =VLOOKUP(A45,data!I:S,7,FALSE) -> -8 | AA45: =VLOOKUP(A45,data!I:S,8,FALSE) -> 8 | AB45: =IF(OR(G45<Z45,G45>AA45),TRUE,FALSE) -> FALSE
A46: FA02_02L_X | B46: =VLOOKUP(A46,data!I:S,2,FALSE) -> Pos X | C46: =TRUNC(VLOOKUP(A46,data!I:S,3,FALSE),1) -> 1525.7 | D46: =TRUNC(VLOOKUP(A46,data!I:S,4,FALSE),1) -> 1527.1 | E46: =VLOOKUP(A46,data!I:S,5,FALSE) -> -4 | F46: =VLOOKUP(A46,data!I:S,6,FALSE) -> 4 | G46: =C46-D46 -> -1.4 | H46: =IF(OR(G46<E46,G46>F46),1,0) -> 0 | I46: =IF(H46=1,IF(G46<E46,G46-E46,G46-F46),"") | J46: =VLOOKUP(A46,data!I:S,9,FALSE) -> Cab # 2 LH - Pos X | X46: =IF(AND(H46=1,Y46="TRUE"),TRUE,"") | Y46: =VLOOKUP(A46,data!I:S,10,FALSE) -> TRUE | Z46: =VLOOKUP(A46,data!I:S,7,FALSE) -> -8 | AA46: =VLOOKUP(A46,data!I:S,8,FALSE) -> 8 | AB46: =IF(OR(G46<Z46,G46>AA46),TRUE,FALSE) -> FALSE
A47: FA02_02L_Y | B47: =VLOOKUP(A47,data!I:S,2,FALSE) -> Pos Y | C47: =TRUNC(VLOOKUP(A47,data!I:S,3,FALSE),1) -> -622.4 | D47: =TRUNC(VLOOKUP(A47,data!I:S,4,FALSE),1) -> -620.4 | E47: =VLOOKUP(A47,data!I:S,5,FALSE) -> -4 | F47: =VLOOKUP(A47,data!I:S,6,FALSE) -> 4 | G47: =C47-D47 -> -2 | H47: =IF(OR(G47<E47,G47>F47),1,0) -> 0 | I47: =IF(H47=1,IF(G47<E47,G47-E47,G47-F47),"") | J47: =VLOOKUP(A47,data!I:S,9,FALSE) -> Cab # 2 LH - Pos Y | X47: =IF(AND(H47=1,Y47="TRUE"),TRUE,"") | Y47: =VLOOKUP(A47,data!I:S,10,FALSE) -> TRUE | Z47: =VLOOKUP(A47,data!I:S,7,FALSE) -> -8 | AA47: =VLOOKUP(A47,data!I:S,8,FALSE) -> 8 | AB47: =IF(OR(G47<Z47,G47>AA47),TRUE,FALSE) -> FALSE
A48: FA02_02L_Z | B48: =VLOOKUP(A48,data!I:S,2,FALSE) -> Pos Z | C48: =TRUNC(VLOOKUP(A48,data!I:S,3,FALSE),1) -> 918.9 | D48: =TRUNC(VLOOKUP(A48,data!I:S,4,FALSE),1) -> 918 | E48: =VLOOKUP(A48,data!I:S,5,FALSE) -> -4 | F48: =VLOOKUP(A48,data!I:S,6,FALSE) -> 4 | G48: =C48-D48 -> 0.9 | H48: =IF(OR(G48<E48,G48>F48),1,0) -> 0 | I48: =IF(H48=1,IF(G48<E48,G48-E48,G48-F48),"") | J48: =VLOOKUP(A48,data!I:S,9,FALSE) -> Cab # 2 LH - Pos Z | X48: =IF(AND(H48=1,Y48="TRUE"),TRUE,"") | Y48: =VLOOKUP(A48,data!I:S,10,FALSE) -> TRUE | Z48: =VLOOKUP(A48,data!I:S,7,FALSE) -> -8 | AA48: =VLOOKUP(A48,data!I:S,8,FALSE) -> 8 | AB48: =IF(OR(G48<Z48,G48>AA48),TRUE,FALSE) -> FALSE
... A73: FA02_P20_Z | B73: =VLOOKUP(A73,data!I:S,2,FALSE) -> Dist Z | C73: =TRUNC(VLOOKUP(A73,data!I:S,3,FALSE),1) -> 0.4 | D73: =TRUNC(VLOOKUP(A73,data!I:S,4,FALSE),1) -> 0 | E73: =VLOOKUP(A73,data!I:S,5,FALSE) -> -4 | F73: =VLOOKUP(A73,data!I:S,6,FALSE) -> 4 | G73: =C73-D73 -> 0.4 | H73: =IF(OR(G73<E73,G73>F73),1,0) -> 0 | I73: =IF(H73=1,IF(G73<E73,G73-E73,G73-F73),"") | J73: =VLOOKUP(A73,data!I:S,9,FALSE) -> B+C (P10_Z + P16_Z) | X73: =IF(AND(H73=1,Y73="TRUE"),TRUE,"") | Y73: =VLOOKUP(A73,data!I:S,10,FALSE) -> TRUE | Z73: =VLOOKUP(A73,data!I:S,7,FALSE) -> -8 | AA73: =VLOOKUP(A73,data!I:S,8,FALSE) -> 8 | AB73: =IF(OR(G73<Z73,G73>AA73),TRUE,FALSE) -> FALSE
A74: =INDEX(data!D:D,MATCH(OFFSET(INDIRECT("RC",FALSE),3,0),data!I:I,0)) -> Decks Mount (D-Cab)
A75: Group Image
A76: Feature Id | B76: Axis | C76: Value | D76: Nominal | E76: LIE | F76: LSE | G76: Deviation | H76: Judge | I76: OOT | J76: Description | X76: NG on Accuracy | Y76: On Accuracy | Z76: LIE (internal) | AA76: LSE (internal) | AB76: Is Rejected
A77: FA03_02R_X | B77: =VLOOKUP(A77,data!I:S,2,FALSE) -> Pos X | C77: =TRUNC(VLOOKUP(A77,data!I:S,3,FALSE),1) -> 4509.3 | D77: =TRUNC(VLOOKUP(A77,data!I:S,4,FALSE),1) -> 4509 | E77: =VLOOKUP(A77,data!I:S,5,FALSE) -> -4 | F77: =VLOOKUP(A77,data!I:S,6,FALSE) -> 4 | G77: =C77-D77 -> 0.3 | H77: =IF(OR(G77<E77,G77>F77),1,0) -> 0 | I77: =IF(H77=1,IF(G77<E77,G77-E77,G77-F77),"") | J77: =VLOOKUP(A77,data!I:S,9,FALSE) -> Deck # 3 RH - Pos X | X77: =IF(AND(H77=1,Y77="TRUE"),TRUE,"") | Y77: =VLOOKUP(A77,data!I:S,10,FALSE) -> TRUE | Z77: =VLOOKUP(A77,data!I:S,7,FALSE) -> -6 | AA77: =VLOOKUP(A77,data!I:S,8,FALSE) -> 6 | AB77: =IF(OR(G77<Z77,G77>AA77),TRUE,FALSE) -> FALSE
A78: FA03_02R_Y | B78: =VLOOKUP(A78,data!I:S,2,FALSE) -> Pos Y | C78: =TRUNC(VLOOKUP(A78,data!I:S,3,FALSE),1) -> 623.1 | D78: =TRUNC(VLOOKUP(A78,data!I:S,4,FALSE),1) -> 621.5 | E78: =VLOOKUP(A78,data!I:S,5,FALSE) -> -4 | F78: =VLOOKUP(A78,data!I:S,6,FALSE) -> 4 | G78: =C78-D78 -> 1.6 | H78: =IF(OR(G78<E78,G78>F78),1,0) -> 0 | I78: =IF(H78=1,IF(G78<E78,G78-E78,G78-F78),"") | J78: =VLOOKUP(A78,data!I:S,9,FALSE) -> Deck # 3 RH - Pos Y | X78: =IF(AND(H78=1,Y78="TRUE"),TRUE,"") | Y78: =VLOOKUP(A78,data!I:S,10,FALSE) -> TRUE | Z78: =VLOOKUP(A78,data!I:S,7,FALSE) -> -6 | AA78: =VLOOKUP(A78,data!I:S,8,FALSE) -> 6 | AB78: =IF(OR(G78<Z78,G78>AA78),TRUE,FALSE) -> FALSE
A79: FA03_02R_Z | B79: =VLOOKUP(A79,data!I:S,2,FALSE) -> Pos Z | C79: =TRUNC(VLOOKUP(A79,data!I:S,3,FALSE),1) -> 1197.5 | D79: =TRUNC(VLOOKUP(A79,data!I:S,4,FALSE),1) -> 1196.7 | E79: =VLOOKUP(A79,data!I:S,5,FALSE) -> -4 | F79: =VLOOKUP(A79,data!I:S,6,FALSE) -> 4 | G79: =C79-D79 -> 0.8 | H79: =IF(OR(G79<E79,G79>F79),1,0) -> 0 | I79: =IF(H79=1,IF(G79<E79,G79-E79,G79-F79),"") | J79: =VLOOKUP(A79,data!I:S,9,FALSE) -> Deck # 3 RH - Pos Z | X79: =IF(AND(H79=1,Y79="TRUE"),TRUE,"") | Y79: =VLOOKUP(A79,data!I:S,10,FALSE) -> TRUE | Z79: =VLOOKUP(A79,data!I:S,7,FALSE) -> -6 | AA79: =VLOOKUP(A79,data!I:S,8,FALSE) -> 6 | AB79: =IF(OR(G79<Z79,G79>AA79),TRUE,FALSE) -> FALSE
A80: FA03_02L_X | B80: =VLOOKUP(A80,data!I:S,2,FALSE) -> Pos X | C80: =TRUNC(VLOOKUP(A80,data!I:S,3,FALSE),1) -> 4508.5 | D80: =TRUNC(VLOOKUP(A80,data!I:S,4,FALSE),1) -> 4509 | E80: =VLOOKUP(A80,data!I:S,5,FALSE) -> -4 | F80: =VLOOKUP(A80,data!I:S,6,FALSE) -> 4 | G80: =C80-D80 -> -0.5 | H80: =IF(OR(G80<E80,G80>F80),1,0) -> 0 | I80: =IF(H80=1,IF(G80<E80,G80-E80,G80-F80),"") | J80: =VLOOKUP(A80,data!I:S,9,FALSE) -> Deck # 3 LH - Pos X | X80: =IF(AND(H80=1,Y80="TRUE"),TRUE,"") | Y80: =VLOOKUP(A80,data!I:S,10,FALSE) -> TRUE | Z80: =VLOOKUP(A80,data!I:S,7,FALSE) -> -6 | AA80: =VLOOKUP(A80,data!I:S,8,FALSE) -> 6 | AB80: =IF(OR(G80<Z80,G80>AA80),TRUE,FALSE) -> FALSE
A81: FA03_02L_Y | B81: =VLOOKUP(A81,data!I:S,2,FALSE) -> Pos Y | C81: =TRUNC(VLOOKUP(A81,data!I:S,3,FALSE),1) -> -620.5 | D81: =TRUNC(VLOOKUP(A81,data!I:S,4,FALSE),1) -> -621.5 | E81: =VLOOKUP(A81,data!I:S,5,FALSE) -> -4 | F81: =VLOOKUP(A81,data!I:S,6,FALSE) -> 4 | G81: =C81-D81 -> 1 | H81: =IF(OR(G81<E81,G81>F81),1,0) -> 0 | I81: =IF(H81=1,IF(G81<E81,G81-E81,G81-F81),"") | J81: =VLOOKUP(A81,data!I:S,9,FALSE) -> Deck # 3 LH - Pos Y | X81: =IF(AND(H81=1,Y81="TRUE"),TRUE,"") | Y81: =VLOOKUP(A81,data!I:S,10,FALSE) -> TRUE | Z81: =VLOOKUP(A81,data!I:S,7,FALSE) -> -6 | AA81: =VLOOKUP(A81,data!I:S,8,FALSE) -> 6 | AB81: =IF(OR(G81<Z81,G81>AA81),TRUE,FALSE) -> FALSE
A82: FA03_02L_Z | B82: =VLOOKUP(A82,data!I:S,2,FALSE) -> Pos Z | C82: =TRUNC(VLOOKUP(A82,data!I:S,3,FALSE),1) -> 1199 | D82: =TRUNC(VLOOKUP(A82,data!I:S,4,FALSE),1) -> 1196.7 | E82: =VLOOKUP(A82,data!I:S,5,FALSE) -> -4 | F82: =VLOOKUP(A82,data!I:S,6,FALSE) -> 4 | G82: =C82-D82 -> 2.3 | H82: =IF(OR(G82<E82,G82>F82),1,0) -> 0 | I82: =IF(H82=1,IF(G82<E82,G82-E82,G82-F82),"") | J82: =VLOOKUP(A82,data!I:S,9,FALSE) -> Deck # 3 LH - Pos Z | X82: =IF(AND(H82=1,Y82="TRUE"),TRUE,"") | Y82: =VLOOKUP(A82,data!I:S,10,FALSE) -> TRUE | Z82: =VLOOKUP(A82,data!I:S,7,FALSE) -> -6 | AA82: =VLOOKUP(A82,data!I:S,8,FALSE) -> 6 | AB82: =IF(OR(G82<Z82,G82>AA82),TRUE,FALSE) -> FALSE
A83: FA03_03R_X | B83: =VLOOKUP(A83,data!I:S,2,FALSE) -> Pos X | C83: =TRUNC(VLOOKUP(A83,data!I:S,3,FALSE),1) -> 4928.8 | D83: =TRUNC(VLOOKUP(A83,data!I:S,4,FALSE),1) -> 4930 | E83: =VLOOKUP(A83,data!I:S,5,FALSE) -> -4 | F83: =VLOOKUP(A83,data!I:S,6,FALSE) -> 4 | G83: =C83-D83 -> -1.2 | H83: =IF(OR(G83<E83,G83>F83),1,0) -> 0 | I83: =IF(H83=1,IF(G83<E83,G83-E83,G83-F83),"") | J83: =VLOOKUP(A83,data!I:S,9,FALSE) -> Deck # 4 RH - Pos X | X83: =IF(AND(H83=1,Y83="TRUE"),TRUE,"") | Y83: =VLOOKUP(A83,data!I:S,10,FALSE) -> TRUE | Z83: =VLOOKUP(A83,data!I:S,7,FALSE) -> -6 | AA83: =VLOOKUP(A83,data!I:S,8,FALSE) -> 6 | AB83: =IF(OR(G83<Z83,G83>AA83),TRUE,FALSE) -> FALSE
A84: FA03_03R_Y | B84: =VLOOKUP(A84,data!I:S,2,FALSE) -> Pos Y | C84: =TRUNC(VLOOKUP(A84,data!I:S,3,FALSE),1) -> 620.7 | D84: =TRUNC(VLOOKUP(A84,data!I:S,4,FALSE),1) -> 621.5 | E84: =VLOOKUP(A84,data!I:S,5,FALSE) -> -4 | F84: =VLOOKUP(A84,data!I:S,6,FALSE) -> 4 | G84: =C84-D84 -> -0.8 | H84: =IF(OR(G84<E84,G84>F84),1,0) -> 0 | I84: =IF(H84=1,IF(G84<E84,G84-E84,G84-F84),"") | J84: =VLOOKUP(A84,data!I:S,9,FALSE) -> Deck # 4 RH - Pos Y | X84: =IF(AND(H84=1,Y84="TRUE"),TRUE,"") | Y84: =VLOOKUP(A84,data!I:S,10,FALSE) -> TRUE | Z84: =VLOOKUP(A84,data!I:S,7,FALSE) -> -6 | AA84: =VLOOKUP(A84,data!I:S,8,FALSE) -> 6 | AB84: =IF(OR(G84<Z84,G84>AA84),TRUE,FALSE) -> FALSE
A85: FA03_03R_Z | B85: =VLOOKUP(A85,data!I:S,2,FALSE) -> Pos Z | C85: =TRUNC(VLOOKUP(A85,data!I:S,3,FALSE),1) -> 1203.6 | D85: =TRUNC(VLOOKUP(A85,data!I:S,4,FALSE),1) -> 1200.2 | E85: =VLOOKUP(A85,data!I:S,5,FALSE) -> -4 | F85: =VLOOKUP(A85,data!I:S,6,FALSE) -> 4 | G85: =C85-D85 -> 3.4 | H85: =IF(OR(G85<E85,G85>F85),1,0) -> 0 | I85: =IF(H85=1,IF(G85<E85,G85-E85,G85-F85),"") | J85: =VLOOKUP(A85,data!I:S,9,FALSE) -> Deck # 4 RH - Pos Z | X85: =IF(AND(H85=1,Y85="TRUE"),TRUE,"") | Y85: =VLOOKUP(A85,data!I:S,10,FALSE) -> TRUE | Z85: =VLOOKUP(A85,data!I:S,7,FALSE) -> -6 | AA85: =VLOOKUP(A85,data!I:S,8,FALSE) -> 6 | AB85: =IF(OR(G85<Z85,G85>AA85),TRUE,FALSE) -> FALSE
A86: FA03_03L_X | B86: =VLOOKUP(A86,data!I:S,2,FALSE) -> Pos X | C86: =TRUNC(VLOOKUP(A86,data!I:S,3,FALSE),1) -> 4927.4 | D86: =TRUNC(VLOOKUP(A86,data!I:S,4,FALSE),1) -> 4930 | E86: =VLOOKUP(A86,data!I:S,5,FALSE) -> -4 | F86: =VLOOKUP(A86,data!I:S,6,FALSE) -> 4 | G86: =C86-D86 -> -2.6 | H86: =IF(OR(G86<E86,G86>F86),1,0) -> 0 | I86: =IF(H86=1,IF(G86<E86,G86-E86,G86-F86),"") | J86: =VLOOKUP(A86,data!I:S,9,FALSE) -> Deck # 4 LH - Pos X | X86: =IF(AND(H86=1,Y86="TRUE"),TRUE,"") | Y86: =VLOOKUP(A86,data!I:S,10,FALSE) -> TRUE | Z86: =VLOOKUP(A86,data!I:S,7,FALSE) -> -6 | AA86: =VLOOKUP(A86,data!I:S,8,FALSE) -> 6 | AB86: =IF(OR(G86<Z86,G86>AA86),TRUE,FALSE) -> FALSE
A87: FA03_03L_Y | B87: =VLOOKUP(A87,data!I:S,2,FALSE) -> Pos Y | C87: =TRUNC(VLOOKUP(A87,data!I:S,3,FALSE),1) -> -619.9 | D87: =TRUNC(VLOOKUP(A87,data!I:S,4,FALSE),1) -> -621.5 | E87: =VLOOKUP(A87,data!I:S,5,FALSE) -> -4 | F87: =VLOOKUP(A87,data!I:S,6,FALSE) -> 4 | G87: =C87-D87 -> 1.6 | H87: =IF(OR(G87<E87,G87>F87),1,0) -> 0 | I87: =IF(H87=1,IF(G87<E87,G87-E87,G87-F87),"") | J87: =VLOOKUP(A87,data!I:S,9,FALSE) -> Deck # 4 LH - Pos Y | X87: =IF(AND(H87=1,Y87="TRUE"),TRUE,"") | Y87: =VLOOKUP(A87,data!I:S,10,FALSE) -> TRUE | Z87: =VLOOKUP(A87,data!I:S,7,FALSE) -> -6 | AA87: =VLOOKUP(A87,data!I:S,8,FALSE) -> 6 | AB87: =IF(OR(G87<Z87,G87>AA87),TRUE,FALSE) -> FALSE
A88: FA03_03L_Z | B88: =VLOOKUP(A88,data!I:S,2,FALSE) -> Pos Z | C88: =TRUNC(VLOOKUP(A88,data!I:S,3,FALSE),1) -> 1203.6 | D88: =TRUNC(VLOOKUP(A88,data!I:S,4,FALSE),1) -> 1200.2 | E88: =VLOOKUP(A88,data!I:S,5,FALSE) -> -4 | F88: =VLOOKUP(A88,data!I:S,6,FALSE) -> 4 | G88: =C88-D88 -> 3.4 | H88: =IF(OR(G88<E88,G88>F88),1,0) -> 0 | I88: =IF(H88=1,IF(G88<E88,G88-E88,G88-F88),"") | J88: =VLOOKUP(A88,data!I:S,9,FALSE) -> Deck # 4 LH - Pos Z | X88: =IF(AND(H88=1,Y88="TRUE"),TRUE,"") | Y88: =VLOOKUP(A88,data!I:S,10,FALSE) -> TRUE | Z88: =VLOOKUP(A88,data!I:S,7,FALSE) -> -6 | AA88: =VLOOKUP(A88,data!I:S,8,FALSE) -> 6 | AB88: =IF(OR(G88<Z88,G88>AA88),TRUE,FALSE) -> FALSE
... A120: FA03_P17_Z | B120: =VLOOKUP(A120,data!I:S,2,FALSE) -> Dist Z | C120: =TRUNC(VLOOKUP(A120,data!I:S,3,FALSE),1) -> 22 | D120: =TRUNC(VLOOKUP(A120,data!I:S,4,FALSE),1) -> 19.8 | E120: =VLOOKUP(A120,data!I:S,5,FALSE) -> -3 | F120: =VLOOKUP(A120,data!I:S,6,FALSE) -> 3 | G120: =C120-D120 -> 2.2 | H120: =IF(OR(G120<E120,G120>F120),1,0) -> 0 | I120: =IF(H120=1,IF(G120<E120,G120-E120,G120-F120),"") | J120: =VLOOKUP(A120,data!I:S,9,FALSE) -> Deck # 1 LH vs Deck # 3 LH - H-Pitch | X120: =IF(AND(H120=1,Y120="TRUE"),TRUE,"") | Y120: =VLOOKUP(A120,data!I:S,10,FALSE) -> TRUE | Z120: =VLOOKUP(A120,data!I:S,7,FALSE) -> -6 | AA120: =VLOOKUP(A120,data!I:S,8,FALSE) -> 6 | AB120: =IF(OR(G120<Z120,G120>AA120),TRUE,FALSE) -> FALSE
A121: =INDEX(data!D:D,MATCH(OFFSET(INDIRECT("RC",FALSE),3,0),data!I:I,0)) -> Front Shock Absorber
A122: Group Image
A123: Feature Id | B123: Axis | C123: Value | D123: Nominal | E123: LIE | F123: LSE | G123: Deviation | H123: Judge | I123: OOT | J123: Description | X123: NG on Accuracy | Y123: On Accuracy | Z123: LIE (internal) | AA123: LSE (internal) | AB123: Is Rejected
A124: FA04_01R_X | B124: =VLOOKUP(A124,data!I:S,2,FALSE) -> Pos X | C124: =TRUNC(VLOOKUP(A124,data!I:S,3,FALSE),1) -> 954.1 | D124: =TRUNC(VLOOKUP(A124,data!I:S,4,FALSE),1) -> 953 | E124: =VLOOKUP(A124,data!I:S,5,FALSE) -> -4 | F124: =VLOOKUP(A124,data!I:S,6,FALSE) -> 4 | G124: =C124-D124 -> 1.1 | H124: =IF(OR(G124<E124,G124>F124),1,0) -> 0 | I124: =IF(H124=1,IF(G124<E124,G124-E124,G124-F124),"") | J124: =VLOOKUP(A124,data!I:S,9,FALSE) -> Center Hole RH - Pos X | X124: =IF(AND(H124=1,Y124="TRUE"),TRUE,"") | Y124: =VLOOKUP(A124,data!I:S,10,FALSE) -> FALSE | Z124: =VLOOKUP(A124,data!I:S,7,FALSE) -> -5 | AA124: =VLOOKUP(A124,data!I:S,8,FALSE) -> 5 | AB124: =IF(OR(G124<Z124,G124>AA124),TRUE,FALSE) -> FALSE
A125: FA04_01R_Y | B125: =VLOOKUP(A125,data!I:S,2,FALSE) -> Pos Y | C125: =TRUNC(VLOOKUP(A125,data!I:S,3,FALSE),1) -> 459 | D125: =TRUNC(VLOOKUP(A125,data!I:S,4,FALSE),1) -> 458.8 | E125: =VLOOKUP(A125,data!I:S,5,FALSE) -> -4 | F125: =VLOOKUP(A125,data!I:S,6,FALSE) -> 4 | G125: =C125-D125 -> 0.2 | H125: =IF(OR(G125<E125,G125>F125),1,0) -> 0 | I125: =IF(H125=1,IF(G125<E125,G125-E125,G125-F125),"") | J125: =VLOOKUP(A125,data!I:S,9,FALSE) -> Center Hole RH - Pos Y | X125: =IF(AND(H125=1,Y125="TRUE"),TRUE,"") | Y125: =VLOOKUP(A125,data!I:S,10,FALSE) -> FALSE | Z125: =VLOOKUP(A125,data!I:S,7,FALSE) -> -5 | AA125: =VLOOKUP(A125,data!I:S,8,FALSE) -> 5 | AB125: =IF(OR(G125<Z125,G125>AA125),TRUE,FALSE) -> FALSE
A126: FA04_01R_Z | B126: =VLOOKUP(A126,data!I:S,2,FALSE) -> Pos Z | C126: =TRUNC(VLOOKUP(A126,data!I:S,3,FALSE),1) -> 1292 | D126: =TRUNC(VLOOKUP(A126,data!I:S,4,FALSE),1) -> 1291.1 | E126: =VLOOKUP(A126,data!I:S,5,FALSE) -> -3 | F126: =VLOOKUP(A126,data!I:S,6,FALSE) -> 3 | G126: =C126-D126 -> 0.9 | H126: =IF(OR(G126<E126,G126>F126),1,0) -> 0 | I126: =IF(H126=1,IF(G126<E126,G126-E126,G126-F126),"") | J126: =VLOOKUP(A126,data!I:S,9,FALSE) -> Center Hole RH - Pos Z | X126: =IF(AND(H126=1,Y126="TRUE"),TRUE,"") | Y126: =VLOOKUP(A126,data!I:S,10,FALSE) -> FALSE | Z126: =VLOOKUP(A126,data!I:S,7,FALSE) -> -3.75 | AA126: =VLOOKUP(A126,data!I:S,8,FALSE) -> 3.75 | AB126: =IF(OR(G126<Z126,G126>AA126),TRUE,FALSE) -> FALSE
A127: FA04_02R_X | B127: =VLOOKUP(A127,data!I:S,2,FALSE) -> Pos X | C127: =TRUNC(VLOOKUP(A127,data!I:S,3,FALSE),1) -> 953.8 | D127: =TRUNC(VLOOKUP(A127,data!I:S,4,FALSE),1) -> 953 | E127: =VLOOKUP(A127,data!I:S,5,FALSE) -> -4 | F127: =VLOOKUP(A127,data!I:S,6,FALSE) -> 4 | G127: =C127-D127 -> 0.8 | H127: =IF(OR(G127<E127,G127>F127),1,0) -> 0 | I127: =IF(H127=1,IF(G127<E127,G127-E127,G127-F127),"") | J127: =VLOOKUP(A127,data!I:S,9,FALSE) -> Inboard Hole RH - Pos X | X127: =IF(AND(H127=1,Y127="TRUE"),TRUE,"") | Y127: =VLOOKUP(A127,data!I:S,10,FALSE) -> TRUE | Z127: =VLOOKUP(A127,data!I:S,7,FALSE) -> -5 | AA127: =VLOOKUP(A127,data!I:S,8,FALSE) -> 5 | AB127: =IF(OR(G127<Z127,G127>AA127),TRUE,FALSE) -> FALSE
A128: FA04_02R_Y | B128: =VLOOKUP(A128,data!I:S,2,FALSE) -> Pos Y | C128: =TRUNC(VLOOKUP(A128,data!I:S,3,FALSE),1) -> 408 | D128: =TRUNC(VLOOKUP(A128,data!I:S,4,FALSE),1) -> 407.2 | E128: =VLOOKUP(A128,data!I:S,5,FALSE) -> -4 | F128: =VLOOKUP(A128,data!I:S,6,FALSE) -> 4 | G128: =C128-D128 -> 0.8 | H128: =IF(OR(G128<E128,G128>F128),1,0) -> 0 | I128: =IF(H128=1,IF(G128<E128,G128-E128,G128-F128),"") | J128: =VLOOKUP(A128,data!I:S,9,FALSE) -> Inboard Hole RH - Pos Y | X128: =IF(AND(H128=1,Y128="TRUE"),TRUE,"") | Y128: =VLOOKUP(A128,data!I:S,10,FALSE) -> TRUE | Z128: =VLOOKUP(A128,data!I:S,7,FALSE) -> -5 | AA128: =VLOOKUP(A128,data!I:S,8,FALSE) -> 5 | AB128: =IF(OR(G128<Z128,G128>AA128),TRUE,FALSE) -> FALSE
A129: FA04_02R_Z | B129: =VLOOKUP(A129,data!I:S,2,FALSE) -> Pos Z | C129: =TRUNC(VLOOKUP(A129,data!I:S,3,FALSE),1) -> 1276.9 | D129: =TRUNC(VLOOKUP(A129,data!I:S,4,FALSE),1) -> 1277 | E129: =VLOOKUP(A129,data!I:S,5,FALSE) -> -3 | F129: =VLOOKUP(A129,data!I:S,6,FALSE) -> 3 | G129: =C129-D129 -> -0.1 | H129: =IF(OR(G129<E129,G129>F129),1,0) -> 0 | I129: =IF(H129=1,IF(G129<E129,G129-E129,G129-F129),"") | J129: =VLOOKUP(A129,data!I:S,9,FALSE) -> Inboard Hole RH - Pos Z | X129: =IF(AND(H129=1,Y129="TRUE"),TRUE,"") | Y129: =VLOOKUP(A129,data!I:S,10,FALSE) -> TRUE | Z129: =VLOOKUP(A129,data!I:S,7,FALSE) -> -3.75 | AA129: =VLOOKUP(A129,data!I:S,8,FALSE) -> 3.75 | AB129: =IF(OR(G129<Z129,G129>AA129),TRUE,FALSE) -> FALSE
A130: FA04_03R_X | B130: =VLOOKUP(A130,data!I:S,2,FALSE) -> Pos X | C130: =TRUNC(VLOOKUP(A130,data!I:S,3,FALSE),1) -> 908.5 | D130: =TRUNC(VLOOKUP(A130,data!I:S,4,FALSE),1) -> 907.1 | E130: =VLOOKUP(A130,data!I:S,5,FALSE) -> -4 | F130: =VLOOKUP(A130,data!I:S,6,FALSE) -> 4 | G130: =C130-D130 -> 1.4 | H130: =IF(OR(G130<E130,G130>F130),1,0) -> 0 | I130: =IF(H130=1,IF(G130<E130,G130-E130,G130-F130),"") | J130: =VLOOKUP(A130,data!I:S,9,FALSE) -> Front Hole RH - Pos X | X130: =IF(AND(H130=1,Y130="TRUE"),TRUE,"") | Y130: =VLOOKUP(A130,data!I:S,10,FALSE) -> TRUE | Z130: =VLOOKUP(A130,data!I:S,7,FALSE) -> -8 | AA130: =VLOOKUP(A130,data!I:S,8,FALSE) -> 8 | AB130: =IF(OR(G130<Z130,G130>AA130),TRUE,FALSE) -> FALSE
A131: FA04_03R_Y | B131: =VLOOKUP(A131,data!I:S,2,FALSE) -> Pos Y | C131: =TRUNC(VLOOKUP(A131,data!I:S,3,FALSE),1) -> 487.1 | D131: =TRUNC(VLOOKUP(A131,data!I:S,4,FALSE),1) -> 486 | E131: =VLOOKUP(A131,data!I:S,5,FALSE) -> -4 | F131: =VLOOKUP(A131,data!I:S,6,FALSE) -> 4 | G131: =C131-D131 -> 1.1 | H131: =IF(OR(G131<E131,G131>F131),1,0) -> 0 | I131: =IF(H131=1,IF(G131<E131,G131-E131,G131-F131),"") | J131: =VLOOKUP(A131,data!I:S,9,FALSE) -> Front Hole RH - Pos Y | X131: =IF(AND(H131=1,Y131="TRUE"),TRUE,"") | Y131: =VLOOKUP(A131,data!I:S,10,FALSE) -> TRUE | Z131: =VLOOKUP(A131,data!I:S,7,FALSE) -> -8 | AA131: =VLOOKUP(A131,data!I:S,8,FALSE) -> 8 | AB131: =IF(OR(G131<Z131,G131>AA131),TRUE,FALSE) -> FALSE
A132: FA04_03R_Z | B132: =VLOOKUP(A132,data!I:S,2,FALSE) -> Pos Z | C132: =TRUNC(VLOOKUP(A132,data!I:S,3,FALSE),1) -> 1288.1 | D132: =TRUNC(VLOOKUP(A132,data!I:S,4,FALSE),1) -> 1288 | E132: =VLOOKUP(A132,data!I:S,5,FALSE) -> -3 | F132: =VLOOKUP(A132,data!I:S,6,FALSE) -> 3 | G132: =C132-D132 -> 0.1 | H132: =IF(OR(G132<E132,G132>F132),1,0) -> 0 | I132: =IF(H132=1,IF(G132<E132,G132-E132,G132-F132),"") | J132: =VLOOKUP(A132,data!I:S,9,FALSE) -> Front Hole RH - Pos Z | X132: =IF(AND(H132=1,Y132="TRUE"),TRUE,"") | Y132: =VLOOKUP(A132,data!I:S,10,FALSE) -> TRUE | Z132: =VLOOKUP(A132,data!I:S,7,FALSE) -> -6 | AA132: =VLOOKUP(A132,data!I:S,8,FALSE) -> 6 | AB132: =IF(OR(G132<Z132,G132>AA132),TRUE,FALSE) -> FALSE
A133: FA04_04R_X | B133: =VLOOKUP(A133,data!I:S,2,FALSE) -> Pos X | C133: =TRUNC(VLOOKUP(A133,data!I:S,3,FALSE),1) -> 1000.4 | D133: =TRUNC(VLOOKUP(A133,data!I:S,4,FALSE),1) -> 998.9 | E133: =VLOOKUP(A133,data!I:S,5,FALSE) -> -4 | F133: =VLOOKUP(A133,data!I:S,6,FALSE) -> 4 | G133: =C133-D133 -> 1.5 | H133: =IF(OR(G133<E133,G133>F133),1,0) -> 0 | I133: =IF(H133=1,IF(G133<E133,G133-E133,G133-F133),"") | J133: =VLOOKUP(A133,data!I:S,9,FALSE) -> Rear Hole RH - Pos X | X133: =IF(AND(H133=1,Y133="TRUE"),TRUE,"") | Y133: =VLOOKUP(A133,data!I:S,10,FALSE) -> TRUE | Z133: =VLOOKUP(A133,data!I:S,7,FALSE) -> -8 | AA133: =VLOOKUP(A133,data!I:S,8,FALSE) -> 8 | AB133: =IF(OR(G133<Z133,G133>AA133),TRUE,FALSE) -> FALSE
A134: FA04_04R_Y | B134: =VLOOKUP(A134,data!I:S,2,FALSE) -> Pos Y | C134: =TRUNC(VLOOKUP(A134,data!I:S,3,FALSE),1) -> 486.3 | D134: =TRUNC(VLOOKUP(A134,data!I:S,4,FALSE),1) -> 486 | E134: =VLOOKUP(A134,data!I:S,5,FALSE) -> -4 | F134: =VLOOKUP(A134,data!I:S,6,FALSE) -> 4 | G134: =C134-D134 -> 0.3 | H134: =IF(OR(G134<E134,G134>F134),1,0) -> 0 | I134: =IF(H134=1,IF(G134<E134,G134-E134,G134-F134),"") | J134: =VLOOKUP(A134,data!I:S,9,FALSE) -> Rear Hole RH - Pos Y | X134: =IF(AND(H134=1,Y134="TRUE"),TRUE,"") | Y134: =VLOOKUP(A134,data!I:S,10,FALSE) -> TRUE | Z134: =VLOOKUP(A134,data!I:S,7,FALSE) -> -8 | AA134: =VLOOKUP(A134,data!I:S,8,FALSE) -> 8 | AB134: =IF(OR(G134<Z134,G134>AA134),TRUE,FALSE) -> FALSE
A135: FA04_04R_Z | B135: =VLOOKUP(A135,data!I:S,2,FALSE) -> Pos Z | C135: =TRUNC(VLOOKUP(A135,data!I:S,3,FALSE),1) -> 1287.5 | D135: =TRUNC(VLOOKUP(A135,data!I:S,4,FALSE),1) -> 1288 | E135: =VLOOKUP(A135,data!I:S,5,FALSE) -> -3 | F135: =VLOOKUP(A135,data!I:S,6,FALSE) -> 3 | G135: =C135-D135 -> -0.5 | H135: =IF(OR(G135<E135,G135>F135),1,0) -> 0 | I135: =IF(H135=1,IF(G135<E135,G135-E135,G135-F135),"") | J135: =VLOOKUP(A135,data!I:S,9,FALSE) -> Rear Hole RH - Pos Z | X135: =IF(AND(H135=1,Y135="TRUE"),TRUE,"") | Y135: =VLOOKUP(A135,data!I:S,10,FALSE) -> TRUE | Z135: =VLOOKUP(A135,data!I:S,7,FALSE) -> -6 | AA135: =VLOOKUP(A135,data!I:S,8,FALSE) -> 6 | AB135: =IF(OR(G135<Z135,G135>AA135),TRUE,FALSE) -> FALSE
... A147: FA04_04L_Z | B147: =VLOOKUP(A147,data!I:S,2,FALSE) -> Pos Z | C147: =TRUNC(VLOOKUP(A147,data!I:S,3,FALSE),1) -> 1288.2 | D147: =TRUNC(VLOOKUP(A147,data!I:S,4,FALSE),1) -> 1288 | E147: =VLOOKUP(A147,data!I:S,5,FALSE) -> -3 | F147: =VLOOKUP(A147,data!I:S,6,FALSE) -> 3 | G147: =C147-D147 -> 0.2 | H147: =IF(OR(G147<E147,G147>F147),1,0) -> 0 | I147: =IF(H147=1,IF(G147<E147,G147-E147,G147-F147),"") | J147: =VLOOKUP(A147,data!I:S,9,FALSE) -> Rear Hole LH - Pos Z | X147: =IF(AND(H147=1,Y147="TRUE"),TRUE,"") | Y147: =VLOOKUP(A147,data!I:S,10,FALSE) -> TRUE | Z147: =VLOOKUP(A147,data!I:S,7,FALSE) -> -6 | AA147: =VLOOKUP(A147,data!I:S,8,FALSE) -> 6 | AB147: =IF(OR(G147<Z147,G147>AA147),TRUE,FALSE) -> FALSE
A148: =INDEX(data!D:D,MATCH(OFFSET(INDIRECT("RC",FALSE),3,0),data!I:I,0)) -> Upper Control Arm
A149: Group Image
A150: Feature Id | B150: Axis | C150: Value | D150: Nominal | E150: LIE | F150: LSE | G150: Deviation | H150: Judge | I150: OOT | J150: Description | X150: NG on Accuracy | Y150: On Accuracy | Z150: LIE (internal) | AA150: LSE (internal) | AB150: Is Rejected
A151: FA05_01R_X | B151: =VLOOKUP(A151,data!I:S,2,FALSE) -> Pos X | C151: =TRUNC(VLOOKUP(A151,data!I:S,3,FALSE),1) -> 866.4 | D151: =TRUNC(VLOOKUP(A151,data!I:S,4,FALSE),1) -> 864.8 | E151: =VLOOKUP(A151,data!I:S,5,FALSE) -> -4 | F151: =VLOOKUP(A151,data!I:S,6,FALSE) -> 4 | G151: =C151-D151 -> 1.6 | H151: =IF(OR(G151<E151,G151>F151),1,0) -> 0 | I151: =IF(H151=1,IF(G151<E151,G151-E151,G151-F151),"") | J151: =VLOOKUP(A151,data!I:S,9,FALSE) -> Front Hole RH - Pos X | X151: =IF(AND(H151=1,Y151="TRUE"),TRUE,"") | Y151: =VLOOKUP(A151,data!I:S,10,FALSE) -> TRUE | Z151: =VLOOKUP(A151,data!I:S,7,FALSE) -> -8 | AA151: =VLOOKUP(A151,data!I:S,8,FALSE) -> 8 | AB151: =IF(OR(G151<Z151,G151>AA151),TRUE,FALSE) -> FALSE
A152: FA05_01R_Y | B152: =VLOOKUP(A152,data!I:S,2,FALSE) -> Pos Y | C152: =TRUNC(VLOOKUP(A152,data!I:S,3,FALSE),1) -> 389.7 | D152: =TRUNC(VLOOKUP(A152,data!I:S,4,FALSE),1) -> 389.2 | E152: =VLOOKUP(A152,data!I:S,5,FALSE) -> -3 | F152: =VLOOKUP(A152,data!I:S,6,FALSE) -> 3 | G152: =C152-D152 -> 0.5 | H152: =IF(OR(G152<E152,G152>F152),1,0) -> 0 | I152: =IF(H152=1,IF(G152<E152,G152-E152,G152-F152),"") | J152: =VLOOKUP(A152,data!I:S,9,FALSE) -> Front Hole RH - Pos Y | X152: =IF(AND(H152=1,Y152="TRUE"),TRUE,"") | Y152: =VLOOKUP(A152,data!I:S,10,FALSE) -> TRUE | Z152: =VLOOKUP(A152,data!I:S,7,FALSE) -> -6 | AA152: =VLOOKUP(A152,data!I:S,8,FALSE) -> 6 | AB152: =IF(OR(G152<Z152,G152>AA152),TRUE,FALSE) -> FALSE
A153: FA05_01R_Z | B153: =VLOOKUP(A153,data!I:S,2,FALSE) -> Pos Z | C153: =TRUNC(VLOOKUP(A153,data!I:S,3,FALSE),1) -> 1240.4 | D153: =TRUNC(VLOOKUP(A153,data!I:S,4,FALSE),1) -> 1241.4 | E153: =VLOOKUP(A153,data!I:S,5,FALSE) -> -3 | F153: =VLOOKUP(A153,data!I:S,6,FALSE) -> 3 | G153: =C153-D153 -> -1 | H153: =IF(OR(G153<E153,G153>F153),1,0) -> 0 | I153: =IF(H153=1,IF(G153<E153,G153-E153,G153-F153),"") | J153: =VLOOKUP(A153,data!I:S,9,FALSE) -> Front Hole RH - Pos Z | X153: =IF(AND(H153=1,Y153="TRUE"),TRUE,"") | Y153: =VLOOKUP(A153,data!I:S,10,FALSE) -> TRUE | Z153: =VLOOKUP(A153,data!I:S,7,FALSE) -> -6 | AA153: =VLOOKUP(A153,data!I:S,8,FALSE) -> 6 | AB153: =IF(OR(G153<Z153,G153>AA153),TRUE,FALSE) -> FALSE
A154: FA05_02R_X | B154: =VLOOKUP(A154,data!I:S,2,FALSE) -> Pos X | C154: =TRUNC(VLOOKUP(A154,data!I:S,3,FALSE),1) -> 1046.9 | D154: =TRUNC(VLOOKUP(A154,data!I:S,4,FALSE),1) -> 1045.8 | E154: =VLOOKUP(A154,data!I:S,5,FALSE) -> -4 | F154: =VLOOKUP(A154,data!I:S,6,FALSE) -> 4 | G154: =C154-D154 -> 1.1 | H154: =IF(OR(G154<E154,G154>F154),1,0) -> 0 | I154: =IF(H154=1,IF(G154<E154,G154-E154,G154-F154),"") | J154: =VLOOKUP(A154,data!I:S,9,FALSE) -> Rear Hole RH - Pos X | X154: =IF(AND(H154=1,Y154="TRUE"),TRUE,"") | Y154: =VLOOKUP(A154,data!I:S,10,FALSE) -> TRUE | Z154: =VLOOKUP(A154,data!I:S,7,FALSE) -> -8 | AA154: =VLOOKUP(A154,data!I:S,8,FALSE) -> 8 | AB154: =IF(OR(G154<Z154,G154>AA154),TRUE,FALSE) -> FALSE
A155: FA05_02R_Y | B155: =VLOOKUP(A155,data!I:S,2,FALSE) -> Pos Y | C155: =TRUNC(VLOOKUP(A155,data!I:S,3,FALSE),1) -> 389.7 | D155: =TRUNC(VLOOKUP(A155,data!I:S,4,FALSE),1) -> 389.2 | E155: =VLOOKUP(A155,data!I:S,5,FALSE) -> -3 | F155: =VLOOKUP(A155,data!I:S,6,FALSE) -> 3 | G155: =C155-D155 -> 0.5 | H155: =IF(OR(G155<E155,G155>F155),1,0) -> 0 | I155: =IF(H155=1,IF(G155<E155,G155-E155,G155-F155),"") | J155: =VLOOKUP(A155,data!I:S,9,FALSE) -> Rear Hole RH - Pos Y | X155: =IF(AND(H155=1,Y155="TRUE"),TRUE,"") | Y155: =VLOOKUP(A155,data!I:S,10,FALSE) -> TRUE | Z155: =VLOOKUP(A155,data!I:S,7,FALSE) -> -6 | AA155: =VLOOKUP(A155,data!I:S,8,FALSE) -> 6 | AB155: =IF(OR(G155<Z155,G155>AA155),TRUE,FALSE) -> FALSE
A156: FA05_02R_Z | B156: =VLOOKUP(A156,data!I:S,2,FALSE) -> Pos Z | C156: =TRUNC(VLOOKUP(A156,data!I:S,3,FALSE),1) -> 1192 | D156: =TRUNC(VLOOKUP(A156,data!I:S,4,FALSE),1) -> 1194.5 | E156: =VLOOKUP(A156,data!I:S,5,FALSE) -> -3 | F156: =VLOOKUP(A156,data!I:S,6,FALSE) -> 3 | G156: =C156-D156 -> -2.5 | H156: =IF(OR(G156<E156,G156>F156),1,0) -> 0 | I156: =IF(H156=1,IF(G156<E156,G156-E156,G156-F156),"") | J156: =VLOOKUP(A156,data!I:S,9,FALSE) -> Rear Hole RH - Pos Z | X156: =IF(AND(H156=1,Y156="TRUE"),TRUE,"") | Y156: =VLOOKUP(A156,data!I:S,10,FALSE) -> TRUE | Z156: =VLOOKUP(A156,data!I:S,7,FALSE) -> -6 | AA156: =VLOOKUP(A156,data!I:S,8,FALSE) -> 6 | AB156: =IF(OR(G156<Z156,G156>AA156),TRUE,FALSE) -> FALSE
A157: FA05_01L_X | B157: =VLOOKUP(A157,data!I:S,2,FALSE) -> Pos X | C157: =TRUNC(VLOOKUP(A157,data!I:S,3,FALSE),1) -> 865.7 | D157: =TRUNC(VLOOKUP(A157,data!I:S,4,FALSE),1) -> 864.8 | E157: =VLOOKUP(A157,data!I:S,5,FALSE) -> -4 | F157: =VLOOKUP(A157,data!I:S,6,FALSE) -> 4 | G157: =C157-D157 -> 0.9 | H157: =IF(OR(G157<E157,G157>F157),1,0) -> 0 | I157: =IF(H157=1,IF(G157<E157,G157-E157,G157-F157),"") | J157: =VLOOKUP(A157,data!I:S,9,FALSE) -> Front Hole LH - Pos X | X157: =IF(AND(H157=1,Y157="TRUE"),TRUE,"") | Y157: =VLOOKUP(A157,data!I:S,10,FALSE) -> TRUE | Z157: =VLOOKUP(A157,data!I:S,7,FALSE) -> -8 | AA157: =VLOOKUP(A157,data!I:S,8,FALSE) -> 8 | AB157: =IF(OR(G157<Z157,G157>AA157),TRUE,FALSE) -> FALSE
A158: FA05_01L_Y | B158: =VLOOKUP(A158,data!I:S,2,FALSE) -> Pos Y | C158: =TRUNC(VLOOKUP(A158,data!I:S,3,FALSE),1) -> -390 | D158: =TRUNC(VLOOKUP(A158,data!I:S,4,FALSE),1) -> -389.2 | E158: =VLOOKUP(A158,data!I:S,5,FALSE) -> -3 | F158: =VLOOKUP(A158,data!I:S,6,FALSE) -> 3 | G158: =C158-D158 -> -0.8 | H158: =IF(OR(G158<E158,G158>F158),1,0) -> 0 | I158: =IF(H158=1,IF(G158<E158,G158-E158,G158-F158),"") | J158: =VLOOKUP(A158,data!I:S,9,FALSE) -> Front Hole LH - Pos Y | X158: =IF(AND(H158=1,Y158="TRUE"),TRUE,"") | Y158: =VLOOKUP(A158,data!I:S,10,FALSE) -> TRUE | Z158: =VLOOKUP(A158,data!I:S,7,FALSE) -> -6 | AA158: =VLOOKUP(A158,data!I:S,8,FALSE) -> 6 | AB158: =IF(OR(G158<Z158,G158>AA158),TRUE,FALSE) -> FALSE
A159: FA05_01L_Z | B159: =VLOOKUP(A159,data!I:S,2,FALSE) -> Pos Z | C159: =TRUNC(VLOOKUP(A159,data!I:S,3,FALSE),1) -> 1241 | D159: =TRUNC(VLOOKUP(A159,data!I:S,4,FALSE),1) -> 1241.4 | E159: =VLOOKUP(A159,data!I:S,5,FALSE) -> -3 | F159: =VLOOKUP(A159,data!I:S,6,FALSE) -> 3 | G159: =C159-D159 -> -0.4 | H159: =IF(OR(G159<E159,G159>F159),1,0) -> 0 | I159: =IF(H159=1,IF(G159<E159,G159-E159,G159-F159),"") | J159: =VLOOKUP(A159,data!I:S,9,FALSE) -> Front Hole LH - Pos Z | X159: =IF(AND(H159=1,Y159="TRUE"),TRUE,"") | Y159: =VLOOKUP(A159,data!I:S,10,FALSE) -> TRUE | Z159: =VLOOKUP(A159,data!I:S,7,FALSE) -> -6 | AA159: =VLOOKUP(A159,data!I:S,8,FALSE) -> 6 | AB159: =IF(OR(G159<Z159,G159>AA159),TRUE,FALSE) -> FALSE
A160: FA05_02L_X | B160: =VLOOKUP(A160,data!I:S,2,FALSE) -> Pos X | C160: =TRUNC(VLOOKUP(A160,data!I:S,3,FALSE),1) -> 1045.9 | D160: =TRUNC(VLOOKUP(A160,data!I:S,4,FALSE),1) -> 1045.8 | E160: =VLOOKUP(A160,data!I:S,5,FALSE) -> -4 | F160: =VLOOKUP(A160,data!I:S,6,FALSE) -> 4 | G160: =C160-D160 -> 0.1 | H160: =IF(OR(G160<E160,G160>F160),1,0) -> 0 | I160: =IF(H160=1,IF(G160<E160,G160-E160,G160-F160),"") | J160: =VLOOKUP(A160,data!I:S,9,FALSE) -> Rear Hole LH - Pos X | X160: =IF(AND(H160=1,Y160="TRUE"),TRUE,"") | Y160: =VLOOKUP(A160,data!I:S,10,FALSE) -> TRUE | Z160: =VLOOKUP(A160,data!I:S,7,FALSE) -> -8 | AA160: =VLOOKUP(A160,data!I:S,8,FALSE) -> 8 | AB160: =IF(OR(G160<Z160,G160>AA160),TRUE,FALSE) -> FALSE
A161: FA05_02L_Y | B161: =VLOOKUP(A161,data!I:S,2,FALSE) -> Pos Y | C161: =TRUNC(VLOOKUP(A161,data!I:S,3,FALSE),1) -> -390.1 | D161: =TRUNC(VLOOKUP(A161,data!I:S,4,FALSE),1) -> -389.2 | E161: =VLOOKUP(A161,data!I:S,5,FALSE) -> -3 | F161: =VLOOKUP(A161,data!I:S,6,FALSE) -> 3 | G161: =C161-D161 -> -0.9 | H161: =IF(OR(G161<E161,G161>F161),1,0) -> 0 | I161: =IF(H161=1,IF(G161<E161,G161-E161,G161-F161),"") | J161: =VLOOKUP(A161,data!I:S,9,FALSE) -> Rear Hole LH - Pos Y | X161: =IF(AND(H161=1,Y161="TRUE"),TRUE,"") | Y161: =VLOOKUP(A161,data!I:S,10,FALSE) -> TRUE | Z161: =VLOOKUP(A161,data!I:S,7,FALSE) -> -6 | AA161: =VLOOKUP(A161,data!I:S,8,FALSE) -> 6 | AB161: =IF(OR(G161<Z161,G161>AA161),TRUE,FALSE) -> FALSE
A162: FA05_02L_Z | B162: =VLOOKUP(A162,data!I:S,2,FALSE) -> Pos Z | C162: =TRUNC(VLOOKUP(A162,data!I:S,3,FALSE),1) -> 1191.9 | D162: =TRUNC(VLOOKUP(A162,data!I:S,4,FALSE),1) -> 1194.5 | E162: =VLOOKUP(A162,data!I:S,5,FALSE) -> -3 | F162: =VLOOKUP(A162,data!I:S,6,FALSE) -> 3 | G162: =C162-D162 -> -2.6 | H162: =IF(OR(G162<E162,G162>F162),1,0) -> 0 | I162: =IF(H162=1,IF(G162<E162,G162-E162,G162-F162),"") | J162: =VLOOKUP(A162,data!I:S,9,FALSE) -> Rear Hole LH - Pos Z | X162: =IF(AND(H162=1,Y162="TRUE"),TRUE,"") | Y162: =VLOOKUP(A162,data!I:S,10,FALSE) -> TRUE | Z162: =VLOOKUP(A162,data!I:S,7,FALSE) -> -6 | AA162: =VLOOKUP(A162,data!I:S,8,FALSE) -> 6 | AB162: =IF(OR(G162<Z162,G162>AA162),TRUE,FALSE) -> FALSE
... A166: FA05_P1L_Z | B166: =VLOOKUP(A166,data!I:S,2,FALSE) -> Dist Z | C166: =TRUNC(VLOOKUP(A166,data!I:S,3,FALSE),1) -> 49 | D166: =TRUNC(VLOOKUP(A166,data!I:S,4,FALSE),1) -> 46.9 | E166: =VLOOKUP(A166,data!I:S,5,FALSE) -> -2 | F166: =VLOOKUP(A166,data!I:S,6,FALSE) -> 2 | G166: =C166-D166 -> 2.1 | H166: =IF(OR(G166<E166,G166>F166),1,0) -> 1 | I166: =IF(H166=1,IF(G166<E166,G166-E166,G166-F166),"") -> 0.1 | J166: =VLOOKUP(A166,data!I:S,9,FALSE) -> Front Hole LH vs Rear Hole LH - H-Pitch | X166: =IF(AND(H166=1,Y166="TRUE"),TRUE,"") -> TRUE | Y166: =VLOOKUP(A166,data!I:S,10,FALSE) -> TRUE | Z166: =VLOOKUP(A166,data!I:S,7,FALSE) -> -4 | AA166: =VLOOKUP(A166,data!I:S,8,FALSE) -> 4 | AB166: =IF(OR(G166<Z166,G166>AA166),TRUE,FALSE) -> FALSE
A167: =INDEX(data!D:D,MATCH(OFFSET(INDIRECT("RC",FALSE),3,0),data!I:I,0)) -> Front Engine Mount (KD)
A168: Group Image
A169: Feature Id | B169: Axis | C169: Value | D169: Nominal | E169: LIE | F169: LSE | G169: Deviation | H169: Judge | I169: OOT | J169: Description | X169: NG on Accuracy | Y169: On Accuracy | Z169: LIE (internal) | AA169: LSE (internal) | AB169: Is Rejected
A170: FA06_01R_X | B170: =VLOOKUP(A170,data!I:S,2,FALSE) -> Pos X | C170: =TRUNC(VLOOKUP(A170,data!I:S,3,FALSE),1) -> 853 | D170: =TRUNC(VLOOKUP(A170,data!I:S,4,FALSE),1) -> 851.8 | E170: =VLOOKUP(A170,data!I:S,5,FALSE) -> -3 | F170: =VLOOKUP(A170,data!I:S,6,FALSE) -> 3 | G170: =C170-D170 -> 1.2 | H170: =IF(OR(G170<E170,G170>F170),1,0) -> 0 | I170: =IF(H170=1,IF(G170<E170,G170-E170,G170-F170),"") | J170: =VLOOKUP(A170,data!I:S,9,FALSE) -> Front Hole RH - Pos X | X170: =IF(AND(H170=1,Y170="TRUE"),TRUE,"") | Y170: =VLOOKUP(A170,data!I:S,10,FALSE) -> TRUE | Z170: =VLOOKUP(A170,data!I:S,7,FALSE) -> -6 | AA170: =VLOOKUP(A170,data!I:S,8,FALSE) -> 6 | AB170: =IF(OR(G170<Z170,G170>AA170),TRUE,FALSE) -> FALSE
A171: FA06_01R_Y | B171: =VLOOKUP(A171,data!I:S,2,FALSE) -> Pos Y | C171: =TRUNC(VLOOKUP(A171,data!I:S,3,FALSE),1) -> 266.6 | D171: =TRUNC(VLOOKUP(A171,data!I:S,4,FALSE),1) -> 266.8 | E171: =VLOOKUP(A171,data!I:S,5,FALSE) -> -3 | F171: =VLOOKUP(A171,data!I:S,6,FALSE) -> 3 | G171: =C171-D171 -> -0.2 | H171: =IF(OR(G171<E171,G171>F171),1,0) -> 0 | I171: =IF(H171=1,IF(G171<E171,G171-E171,G171-F171),"") | J171: =VLOOKUP(A171,data!I:S,9,FALSE) -> Front Hole RH - Pos Y | X171: =IF(AND(H171=1,Y171="TRUE"),TRUE,"") | Y171: =VLOOKUP(A171,data!I:S,10,FALSE) -> TRUE | Z171: =VLOOKUP(A171,data!I:S,7,FALSE) -> -6 | AA171: =VLOOKUP(A171,data!I:S,8,FALSE) -> 6 | AB171: =IF(OR(G171<Z171,G171>AA171),TRUE,FALSE) -> FALSE
A172: FA06_01R_Z | B172: =VLOOKUP(A172,data!I:S,2,FALSE) -> Pos Z | C172: =TRUNC(VLOOKUP(A172,data!I:S,3,FALSE),1) -> 1116.2 | D172: =TRUNC(VLOOKUP(A172,data!I:S,4,FALSE),1) -> 1114 | E172: =VLOOKUP(A172,data!I:S,5,FALSE) -> -3 | F172: =VLOOKUP(A172,data!I:S,6,FALSE) -> 3 | G172: =C172-D172 -> 2.2 | H172: =IF(OR(G172<E172,G172>F172),1,0) -> 0 | I172: =IF(H172=1,IF(G172<E172,G172-E172,G172-F172),"") | J172: =VLOOKUP(A172,data!I:S,9,FALSE) -> Front Hole RH - Pos Z | X172: =IF(AND(H172=1,Y172="TRUE"),TRUE,"") | Y172: =VLOOKUP(A172,data!I:S,10,FALSE) -> TRUE | Z172: =VLOOKUP(A172,data!I:S,7,FALSE) -> -6 | AA172: =VLOOKUP(A172,data!I:S,8,FALSE) -> 6 | AB172: =IF(OR(G172<Z172,G172>AA172),TRUE,FALSE) -> FALSE
A173: FA06_03R_X | B173: =VLOOKUP(A173,data!I:S,2,FALSE) -> Pos X | C173: =TRUNC(VLOOKUP(A173,data!I:S,3,FALSE),1) -> 953.4 | D173: =TRUNC(VLOOKUP(A173,data!I:S,4,FALSE),1) -> 952.5 | E173: =VLOOKUP(A173,data!I:S,5,FALSE) -> -3 | F173: =VLOOKUP(A173,data!I:S,6,FALSE) -> 3 | G173: =C173-D173 -> 0.9 | H173: =IF(OR(G173<E173,G173>F173),1,0) -> 0 | I173: =IF(H173=1,IF(G173<E173,G173-E173,G173-F173),"") | J173: =VLOOKUP(A173,data!I:S,9,FALSE) -> Rear Hole RH - Pos X | X173: =IF(AND(H173=1,Y173="TRUE"),TRUE,"") | Y173: =VLOOKUP(A173,data!I:S,10,FALSE) -> TRUE | Z173: =VLOOKUP(A173,data!I:S,7,FALSE) -> -6 | AA173: =VLOOKUP(A173,data!I:S,8,FALSE) -> 6 | AB173: =IF(OR(G173<Z173,G173>AA173),TRUE,FALSE) -> FALSE
A174: FA06_03R_Y | B174: =VLOOKUP(A174,data!I:S,2,FALSE) -> Pos Y | C174: =TRUNC(VLOOKUP(A174,data!I:S,3,FALSE),1) -> 266.1 | D174: =TRUNC(VLOOKUP(A174,data!I:S,4,FALSE),1) -> 266.8 | E174: =VLOOKUP(A174,data!I:S,5,FALSE) -> -3 | F174: =VLOOKUP(A174,data!I:S,6,FALSE) -> 3 | G174: =C174-D174 -> -0.7 | H174: =IF(OR(G174<E174,G174>F174),1,0) -> 0 | I174: =IF(H174=1,IF(G174<E174,G174-E174,G174-F174),"") | J174: =VLOOKUP(A174,data!I:S,9,FALSE) -> Rear Hole RH - Pos Y | X174: =IF(AND(H174=1,Y174="TRUE"),TRUE,"") | Y174: =VLOOKUP(A174,data!I:S,10,FALSE) -> TRUE | Z174: =VLOOKUP(A174,data!I:S,7,FALSE) -> -6 | AA174: =VLOOKUP(A174,data!I:S,8,FALSE) -> 6 | AB174: =IF(OR(G174<Z174,G174>AA174),TRUE,FALSE) -> FALSE
A175: FA06_03R_Z | B175: =VLOOKUP(A175,data!I:S,2,FALSE) -> Pos Z | C175: =TRUNC(VLOOKUP(A175,data!I:S,3,FALSE),1) -> 1106.9 | D175: =TRUNC(VLOOKUP(A175,data!I:S,4,FALSE),1) -> 1106.1 | E175: =VLOOKUP(A175,data!I:S,5,FALSE) -> -3 | F175: =VLOOKUP(A175,data!I:S,6,FALSE) -> 3 | G175: =C175-D175 -> 0.8 | H175: =IF(OR(G175<E175,G175>F175),1,0) -> 0 | I175: =IF(H175=1,IF(G175<E175,G175-E175,G175-F175),"") | J175: =VLOOKUP(A175,data!I:S,9,FALSE) -> Rear Hole RH - Pos Z | X175: =IF(AND(H175=1,Y175="TRUE"),TRUE,"") | Y175: =VLOOKUP(A175,data!I:S,10,FALSE) -> TRUE | Z175: =VLOOKUP(A175,data!I:S,7,FALSE) -> -6 | AA175: =VLOOKUP(A175,data!I:S,8,FALSE) -> 6 | AB175: =IF(OR(G175<Z175,G175>AA175),TRUE,FALSE) -> FALSE
A176: FA06_04L_X | B176: =VLOOKUP(A176,data!I:S,2,FALSE) -> Pos X | C176: =TRUNC(VLOOKUP(A176,data!I:S,3,FALSE),1) -> 851.1 | D176: =TRUNC(VLOOKUP(A176,data!I:S,4,FALSE),1) -> 851.8 | E176: =VLOOKUP(A176,data!I:S,5,FALSE) -> -3 | F176: =VLOOKUP(A176,data!I:S,6,FALSE) -> 3 | G176: =C176-D176 -> -0.7 | H176: =IF(OR(G176<E176,G176>F176),1,0) -> 0 | I176: =IF(H176=1,IF(G176<E176,G176-E176,G176-F176),"") | J176: =VLOOKUP(A176,data!I:S,9,FALSE) -> Front Hole LH - Pos X | X176: =IF(AND(H176=1,Y176="TRUE"),TRUE,"") | Y176: =VLOOKUP(A176,data!I:S,10,FALSE) -> TRUE | Z176: =VLOOKUP(A176,data!I:S,7,FALSE) -> -6 | AA176: =VLOOKUP(A176,data!I:S,8,FALSE) -> 6 | AB176: =IF(OR(G176<Z176,G176>AA176),TRUE,FALSE) -> FALSE
A177: FA06_04L_Y | B177: =VLOOKUP(A177,data!I:S,2,FALSE) -> Pos Y | C177: =TRUNC(VLOOKUP(A177,data!I:S,3,FALSE),1) -> -247.1 | D177: =TRUNC(VLOOKUP(A177,data!I:S,4,FALSE),1) -> -246.8 | E177: =VLOOKUP(A177,data!I:S,5,FALSE) -> -3 | F177: =VLOOKUP(A177,data!I:S,6,FALSE) -> 3 | G177: =C177-D177 -> -0.3 | H177: =IF(OR(G177<E177,G177>F177),1,0) -> 0 | I177: =IF(H177=1,IF(G177<E177,G177-E177,G177-F177),"") | J177: =VLOOKUP(A177,data!I:S,9,FALSE) -> Front Hole LH - Pos Y | X177: =IF(AND(H177=1,Y177="TRUE"),TRUE,"") | Y177: =VLOOKUP(A177,data!I:S,10,FALSE) -> TRUE | Z177: =VLOOKUP(A177,data!I:S,7,FALSE) -> -6 | AA177: =VLOOKUP(A177,data!I:S,8,FALSE) -> 6 | AB177: =IF(OR(G177<Z177,G177>AA177),TRUE,FALSE) -> FALSE
A178: FA06_04L_Z | B178: =VLOOKUP(A178,data!I:S,2,FALSE) -> Pos Z | C178: =TRUNC(VLOOKUP(A178,data!I:S,3,FALSE),1) -> 1115.6 | D178: =TRUNC(VLOOKUP(A178,data!I:S,4,FALSE),1) -> 1114 | E178: =VLOOKUP(A178,data!I:S,5,FALSE) -> -3 | F178: =VLOOKUP(A178,data!I:S,6,FALSE) -> 3 | G178: =C178-D178 -> 1.6 | H178: =IF(OR(G178<E178,G178>F178),1,0) -> 0 | I178: =IF(H178=1,IF(G178<E178,G178-E178,G178-F178),"") | J178: =VLOOKUP(A178,data!I:S,9,FALSE) -> Front Hole LH - Pos Z | X178: =IF(AND(H178=1,Y178="TRUE"),TRUE,"") | Y178: =VLOOKUP(A178,data!I:S,10,FALSE) -> TRUE | Z178: =VLOOKUP(A178,data!I:S,7,FALSE) -> -6 | AA178: =VLOOKUP(A178,data!I:S,8,FALSE) -> 6 | AB178: =IF(OR(G178<Z178,G178>AA178),TRUE,FALSE) -> FALSE
A179: FA06_06L_X | B179: =VLOOKUP(A179,data!I:S,2,FALSE) -> Pos X | C179: =TRUNC(VLOOKUP(A179,data!I:S,3,FALSE),1) -> 951.5 | D179: =TRUNC(VLOOKUP(A179,data!I:S,4,FALSE),1) -> 952.5 | E179: =VLOOKUP(A179,data!I:S,5,FALSE) -> -3 | F179: =VLOOKUP(A179,data!I:S,6,FALSE) -> 3 | G179: =C179-D179 -> -1 | H179: =IF(OR(G179<E179,G179>F179),1,0) -> 0 | I179: =IF(H179=1,IF(G179<E179,G179-E179,G179-F179),"") | J179: =VLOOKUP(A179,data!I:S,9,FALSE) -> Rear Hole LH - Pos X | X179: =IF(AND(H179=1,Y179="TRUE"),TRUE,"") | Y179: =VLOOKUP(A179,data!I:S,10,FALSE) -> TRUE | Z179: =VLOOKUP(A179,data!I:S,7,FALSE) -> -6 | AA179: =VLOOKUP(A179,data!I:S,8,FALSE) -> 6 | AB179: =IF(OR(G179<Z179,G179>AA179),TRUE,FALSE) -> FALSE
A180: FA06_06L_Y | B180: =VLOOKUP(A180,data!I:S,2,FALSE) -> Pos Y | C180: =TRUNC(VLOOKUP(A180,data!I:S,3,FALSE),1) -> -246.9 | D180: =TRUNC(VLOOKUP(A180,data!I:S,4,FALSE),1) -> -246.8 | E180: =VLOOKUP(A180,data!I:S,5,FALSE) -> -3 | F180: =VLOOKUP(A180,data!I:S,6,FALSE) -> 3 | G180: =C180-D180 -> -0.1 | H180: =IF(OR(G180<E180,G180>F180),1,0) -> 0 | I180: =IF(H180=1,IF(G180<E180,G180-E180,G180-F180),"") | J180: =VLOOKUP(A180,data!I:S,9,FALSE) -> Rear Hole LH - Pos Y | X180: =IF(AND(H180=1,Y180="TRUE"),TRUE,"") | Y180: =VLOOKUP(A180,data!I:S,10,FALSE) -> TRUE | Z180: =VLOOKUP(A180,data!I:S,7,FALSE) -> -6 | AA180: =VLOOKUP(A180,data!I:S,8,FALSE) -> 6 | AB180: =IF(OR(G180<Z180,G180>AA180),TRUE,FALSE) -> FALSE
A181: FA06_06L_Z | B181: =VLOOKUP(A181,data!I:S,2,FALSE) -> Pos Z | C181: =TRUNC(VLOOKUP(A181,data!I:S,3,FALSE),1) -> 1108.6 | D181: =TRUNC(VLOOKUP(A181,data!I:S,4,FALSE),1) -> 1106.1 | E181: =VLOOKUP(A181,data!I:S,5,FALSE) -> -3 | F181: =VLOOKUP(A181,data!I:S,6,FALSE) -> 3 | G181: =C181-D181 -> 2.5 | H181: =IF(OR(G181<E181,G181>F181),1,0) -> 0 | I181: =IF(H181=1,IF(G181<E181,G181-E181,G181-F181),"") | J181: =VLOOKUP(A181,data!I:S,9,FALSE) -> Rear Hole LH - Pos Z | X181: =IF(AND(H181=1,Y181="TRUE"),TRUE,"") | Y181: =VLOOKUP(A181,data!I:S,10,FALSE) -> TRUE | Z181: =VLOOKUP(A181,data!I:S,7,FALSE) -> -6 | AA181: =VLOOKUP(A181,data!I:S,8,FALSE) -> 6 | AB181: =IF(OR(G181<Z181,G181>AA181),TRUE,FALSE) -> FALSE
... A188: FA06_P3_Z | B188: =VLOOKUP(A188,data!I:S,2,FALSE) -> Dist Z | C188: =TRUNC(VLOOKUP(A188,data!I:S,3,FALSE),1) -> 7 | D188: =TRUNC(VLOOKUP(A188,data!I:S,4,FALSE),1) -> 7.9 | E188: =VLOOKUP(A188,data!I:S,5,FALSE) -> -3 | F188: =VLOOKUP(A188,data!I:S,6,FALSE) -> 3 | G188: =C188-D188 -> -0.9 | H188: =IF(OR(G188<E188,G188>F188),1,0) -> 0 | I188: =IF(H188=1,IF(G188<E188,G188-E188,G188-F188),"") | J188: =VLOOKUP(A188,data!I:S,9,FALSE) -> Front Hole LH vs Rear Hole LH - H-Pitch | X188: =IF(AND(H188=1,Y188="TRUE"),TRUE,"") | Y188: =VLOOKUP(A188,data!I:S,10,FALSE) -> TRUE | Z188: =VLOOKUP(A188,data!I:S,7,FALSE) -> -6 | AA188: =VLOOKUP(A188,data!I:S,8,FALSE) -> 6 | AB188: =IF(OR(G188<Z188,G188>AA188),TRUE,FALSE) -> FALSE
...

Sheet data
A1: report_id | B1: report_description | C1: group_id | D1: group_description | E1: Expr1004 | F1: time | G1: part_id | H1: part_number | I1: feature_id | J1: axis | K1: value | L1: nominal | M1: lie_customer | N1: lse_customer | O1: lie_internal | P1: lse_internal | Q1: feature_description | R1: on_accuracy | S1: device_id | T1: group_position | U1: feature_position
A2: FRAME_MODEL_N | B2: Frame Model N Report | C2: FA01 | D2: Front Bumper | E2: 07/06/2026 | F2: 17:41:35 | G2: 51100-KKA44 | H2: 820670 | I2: FA01_01R_X | J2: Pos X | K2: 227.84 | L2: 226.2 | M2: -3 | N2: 3 | O2: -4.5 | P2: 4.5 | Q2: Inboard Nut RH - Pos X | R2: TRUE | S2: DEA_TORO | T2: 1 | U2: 1
A3: FRAME_MODEL_N | B3: Frame Model N Report | C3: FA01 | D3: Front Bumper | E3: 07/06/2026 | F3: 17:41:35 | G3: 51100-KKA44 | H3: 820670 | I3: FA01_01R_Y | J3: Pos Y | K3: 327.39 | L3: 326 | M3: -3 | N3: 3 | O3: -4.5 | P3: 4.5 | Q3: Inboard Nut RH - Pos Y | R3: TRUE | S3: DEA_TORO | T3: 1 | U3: 2
A4: FRAME_MODEL_N | B4: Frame Model N Report | C4: FA01 | D4: Front Bumper | E4: 07/06/2026 | F4: 17:41:35 | G4: 51100-KKA44 | H4: 820670 | I4: FA01_01R_Z | J4: Pos Z | K4: 988.54 | L4: 990.2 | M4: -3 | N4: 3 | O4: -4.5 | P4: 4.5 | Q4: Inboard Nut RH - Pos Z | R4: TRUE | S4: DEA_TORO | T4: 1 | U4: 3
A5: FRAME_MODEL_N | B5: Frame Model N Report | C5: FA01 | D5: Front Bumper | E5: 07/06/2026 | F5: 17:41:35 | G5: 51100-KKA44 | H5: 820670 | I5: FA01_02R_X | J5: Pos X | K5: 228.46 | L5: 226.2 | M5: -3 | N5: 3 | O5: -4.5 | P5: 4.5 | Q5: Outboard Nut RH - Pos X | R5: TRUE | S5: DEA_TORO | T5: 1 | U5: 4
A6: FRAME_MODEL_N | B6: Frame Model N Report | C6: FA01 | D6: Front Bumper | E6: 07/06/2026 | F6: 17:41:35 | G6: 51100-KKA44 | H6: 820670 | I6: FA01_02R_Y | J6: Pos Y | K6: 449.74 | L6: 449 | M6: -3 | N6: 3 | O6: -4.5 | P6: 4.5 | Q6: Outboard Nut RH - Pos Y | R6: TRUE | S6: DEA_TORO | T6: 1 | U6: 5
A7: FRAME_MODEL_N | B7: Frame Model N Report | C7: FA01 | D7: Front Bumper | E7: 07/06/2026 | F7: 17:41:35 | G7: 51100-KKA44 | H7: 820670 | I7: FA01_02R_Z | J7: Pos Z | K7: 1051.17 | L7: 1052.3 | M7: -3 | N7: 3 | O7: -4.5 | P7: 4.5 | Q7: Outboard Nut RH - Pos Z | R7: TRUE | S7: DEA_TORO | T7: 1 | U7: 6
A8: FRAME_MODEL_N | B8: Frame Model N Report | C8: FA01 | D8: Front Bumper | E8: 07/06/2026 | F8: 17:41:35 | G8: 51100-KKA44 | H8: 820670 | I8: FA01_01L_X | J8: Pos X | K8: 226.6 | L8: 226.2 | M8: -3 | N8: 3 | O8: -4.5 | P8: 4.5 | Q8: Inboard Nut LH - Pos X | R8: TRUE | S8: DEA_TORO | T8: 1 | U8: 7
A9: FRAME_MODEL_N | B9: Frame Model N Report | C9: FA01 | D9: Front Bumper | E9: 07/06/2026 | F9: 17:41:35 | G9: 51100-KKA44 | H9: 820670 | I9: FA01_01L_Y | J9: Pos Y | K9: -328.52 | L9: -326 | M9: -3 | N9: 3 | O9: -4.5 | P9: 4.5 | Q9: Inboard Nut LH - Pos Y | R9: TRUE | S9: DEA_TORO | T9: 1 | U9: 8
A10: FRAME_MODEL_N | B10: Frame Model N Report | C10: FA01 | D10: Front Bumper | E10: 07/06/2026 | F10: 17:41:35 | G10: 51100-KKA44 | H10: 820670 | I10: FA01_01L_Z | J10: Pos Z | K10: 989.12 | L10: 990.2 | M10: -3 | N10: 3 | O10: -4.5 | P10: 4.5 | Q10: Inboard Nut LH - Pos Z | R10: TRUE | S10: DEA_TORO | T10: 1 | U10: 9
A11: FRAME_MODEL_N | B11: Frame Model N Report | C11: FA01 | D11: Front Bumper | E11: 07/06/2026 | F11: 17:41:35 | G11: 51100-KKA44 | H11: 820670 | I11: FA01_02L_X | J11: Pos X | K11: 226.79 | L11: 226.2 | M11: -3 | N11: 3 | O11: -4.5 | P11: 4.5 | Q11: Outboard Nut LH - Pos X | R11: TRUE | S11: DEA_TORO | T11: 1 | U11: 10
A12: FRAME_MODEL_N | B12: Frame Model N Report | C12: FA01 | D12: Front Bumper | E12: 07/06/2026 | F12: 17:41:35 | G12: 51100-KKA44 | H12: 820670 | I12: FA01_02L_Y | J12: Pos Y | K12: -451.2 | L12: -449 | M12: -3 | N12: 3 | O12: -4.5 | P12: 4.5 | Q12: Outboard Nut LH - Pos Y | R12: TRUE | S12: DEA_TORO | T12: 1 | U12: 11
A13: FRAME_MODEL_N | B13: Frame Model N Report | C13: FA01 | D13: Front Bumper | E13: 07/06/2026 | F13: 17:41:35 | G13: 51100-KKA44 | H13: 820670 | I13: FA01_02L_Z | J13: Pos Z | K13: 1050.77 | L13: 1052.3 | M13: -3 | N13: 3 | O13: -4.5 | P13: 4.5 | Q13: Outboard Nut LH - Pos Z | R13: TRUE | S13: DEA_TORO | T13: 1 | U13: 12
... A609: FRAME_MODEL_N | B609: Frame Model N Report | C609: EXTRA_4X4 | D609: Extra features (4X4 Only) | E609: 07/06/2026 | F609: 17:41:35 | G609: 51100-KKA44 | H609: 820670 | I609: DATUM_1_EXT_LH_Z | J609: Pos Z | K609: 1012.44 | L609: 1015 | M609: -3 | N609: 3 | O609: -6 | P609: 6 | Q609: Datum Extencion LH Z | R609: FALSE | S609: DEA_TORO | T609: 23 | U609: 30
